Class_ID,Matrix_Family,Metric_Family,Canonical_Unit_Family,Required_Basis,Minimum_Size_Metadata,Identification_Stratum,Directly_Comparable_When,Never_Automatically_Compare_With
CMP-W-VOL,Water — discrete/grab,Particle number concentration,items/L or items/m³,Sample volume known,Analytical/reporting lower cutoff or explicit NR,Same evidence stratum,Same water sampling mode; convertible volume units; compatible size window; compatible identification stratum,Net-tow areal data; sediment; mass concentration
CMP-W-NET,Water — net/tow,Particle number concentration,items/m³,Filtered/towed volume known,Net mesh + analytical/reporting cutoff,Same evidence stratum,Comparable mesh/cutoff and tow methodology; volume-normalized,Grab-water values when size capture differs materially
CMP-SED-DW,Sediment/soil,Particle number concentration,items/kg dry weight,Dry mass,Processed lower cutoff + analytical/reporting cutoff,Same evidence stratum,"Same matrix family, dry basis, compatible size window and extraction/ID stratum","Wet-weight, areal counts, water"
CMP-SED-WW,Sediment/soil,Particle number concentration,items/kg wet weight,Wet mass,Processed lower cutoff + analytical/reporting cutoff,Same evidence stratum,Wet-basis only with compatible methods,Dry-weight unless measured moisture enables explicit conversion
CMP-AREA,Beach/surface material,Areal particle abundance,items/m²,Sampled area,Lower processed/analytical cutoff,Same evidence stratum,Same sampled surface/depth concept and size window,items/kg without measured mass-area relation
CMP-MASS,Environmental matrix,Plastic mass concentration,mg/kg or mg/m³,Denominator basis explicit,Size window explicit,Polymer/ID method documented,Same matrix/basis and convertible units,Particle-number concentration
CMP-BIOTA-I,Biota,Abundance per organism,items/individual,Species + tissue/scope,Lower cutoff + tissue definition,Same evidence stratum,"Same/compatible taxon, tissue scope and size window",items/g unless body/tissue mass permits explicit conversion
CMP-BIOTA-G,Biota,Tissue concentration,items/g,Wet/dry tissue basis explicit,Lower cutoff + tissue definition,Same evidence stratum,"Same tissue basis, tissue type and size window",items/individual without explicit mass linkage
CMP-PREV,Biota,Prevalence,% individuals positive,N examined explicit,Detection window explicit,Same evidence stratum,Comparable species/tissue/detection protocol,Abundance metrics
CMP-ATM-FLUX,Atmosphere,Deposition flux,particles/m²/day,Collector area + exposure duration,Analytical/reporting cutoff,Same evidence stratum,Same deposition mode and compatible size window,Air concentration particles/m³
CMP-ATM-CONC,Atmosphere,Air concentration,particles/m³,Air volume sampled,Sampler cutoff + analytical cutoff,Same evidence stratum,Comparable active-air sampling and size window,Deposition flux
CMP-WW,Wastewater,Particle concentration,items/L,Treatment stage explicit,Lower cutoff + filter/sieve hierarchy,Same evidence stratum,Same treatment stage and compatible methods,Influent vs effluent as if same population; sludge
CMP-SLUDGE,Sludge,Particle concentration,items/kg dry weight,Dry basis,Lower cutoff,Same evidence stratum,Dry sludge and compatible extraction/ID,Wastewater items/L
CMP-FOOD,Food/drinking products,Product concentration,"matrix-specific: items/L, items/kg, items/g",Product denominator explicit,Lower cutoff,Same evidence stratum,"Same product type, denominator and analytical window",Environmental matrices
CMP-W-AREA,Water — surface/net survey,Areal particle abundance,items/m² or particles/km²,Surveyed/towed area known,Sampling mesh + analytical/reporting cutoff or explicit NR,Same evidence stratum,"Same collection geometry, area basis, size window and identification stratum",Volumetric water concentration unless sampled volume-area relation is explicitly known
CMP-AREA-MASS,Beach/surface material,Areal plastic mass abundance,mg/m²,Sampled area,Size window explicit,Polymer/ID method documented,"Same surface/depth definition, area basis and size window",Particle counts/m²; mass/kg
CMP-DUST-DW,Street/road dust,Particle number concentration,items/kg dry or scalable dry-mass unit,Dry mass,Lower processing/reporting cutoff or explicit NR,Same evidence stratum,"Dry street-dust basis, compatible size window and extraction/ID method",Soil/sediment unless matrix pooling is explicitly justified
