Measurement_ID,Sample_ID,Biota_ID,Scope_Type,Scope_ID,Metric_Type,Reported_Value_Text,Mean,SD,SE,Min,Max,N,Unit_Original,Denominator_Type,Mass_Basis,Standardized_Value,Conversion_Possible,Conversion_Formula_Basis,Reported_or_Derived,Aggregation_Level,Comparability_Flag
M0003-01,SA0003-WAT,,Sample,SA0003-WAT,Abundance,5.9 particles/L,5.9,,,,,,particles/L,Volume,,,No,,Reported,Study pooled,Source unit discrepancy elsewhere
M0003-02,SA0003-SED,,Sample,SA0003-SED,Abundance,27 particles/kg,27,,,,,,particles/kg,Mass,Not Reported,,No,,Reported,Study pooled,Wet/dry basis unclear
M0006-01,SA0006-HTL,,Sample,SA0006-HTL,Mass abundance,48.9–4747.6 mg/m²; mean 1323±1228,1323,1228,,48.9,4747.6,,mg/m²,Area,,,No,,Reported,HTL pooled,
M0006-02,SA0006-LTL,,Sample,SA0006-LTL,Mass abundance,14.3–1020.4 mg/m²; mean 178±261,178,261,,14.3,1020.4,,mg/m²,Area,,,No,,Reported,LTL pooled,
M0006-03,SA0006-FISH,,Sample,SA0006-FISH,Prevalence,Paper reports 10.1%; 7 fish had 8 particles,10.1,,,,,,%,Individuals,,,No,,Reported,Fish pooled,Numerator/percentage ambiguity
M0009-01,SA0009-ED,,Sample,SA0009-ED,Abundance,0.07±0.26 items/fish,0.07,0.26,,,,,items/fish,Individual fish,,,No,,Reported,Tissue,
M0009-02,SA0009-ED,,Sample,SA0009-ED,Abundance,0.005±0.02 items/g,0.005,0.02,,,,,items/g,Tissue mass,Wet tissue,,No,,Reported,Tissue,
M0009-03,SA0009-ED,,Sample,SA0009-ED,Prevalence,7% fish positive,7,,,,,,%,Individuals,,,No,,Reported,Tissue,
M0009-04,SA0009-INED,,Sample,SA0009-INED,Abundance,0.53±0.77 items/fish,0.53,0.77,,,,,items/fish,Individual fish,,,No,,Reported,Tissue,
M0009-05,SA0009-INED,,Sample,SA0009-INED,Abundance,0.054±0.098 items/g,0.054,0.098,,,,,items/g,Tissue mass,Wet tissue,,No,,Reported,Tissue,
M0009-06,SA0009-INED,,Sample,SA0009-INED,Prevalence,41.1% fish positive,41.1,,,,,,%,Individuals,,,No,,Reported,Tissue,
M0013-01,SA0013-KAL,,Sample,SA0013-KAL,Deposition flux,122.25 ± 76.96 n m−2 d−1,122.25,76.96,,,,,items/m²/day,Area-time,,,No,,Reported,Site,
M0013-02,SA0013-SUJ,,Sample,SA0013-SUJ,Deposition flux,387.67 ± 89.23 n m−2 d−1,387.67,89.23,,,,,items/m²/day,Area-time,,,No,,Reported,Site,
M0013-03,SA0013-EB,,Sample,SA0013-EB,Deposition flux,251.86 ± 108.99 n m−2 d−1,251.86,108.99,,,,,items/m²/day,Area-time,,,No,,Reported,Site,
M0019-01,SA0019-INF,,Sample,SA0019-INF,Abundance,7 MPs/L,7,,,,,,MPs/L,Volume,,,No,,Reported,Process stage,
M0019-02,SA0019-EFF,,Sample,SA0019-EFF,Abundance,4 MPs/L,4,,,,,,MPs/L,Volume,,,No,,Reported,Process stage,
M0019-03,SA0019-SLU,,Sample,SA0019-SLU,Abundance,993 MPs/kg dry weight,993,,,,,,MPs/kg,Mass,Dry weight,,No,,Reported,Process stage,
M0015-01,SA0015-DUST,,Sample,SA0015-DUST,Occurrence,MPs found at all six street-dust sites; numeric abundance data in Supplementary File 2,,,,,,,Not reported in main article,,,,,,Reported,Across street sites,Numeric abundance requires supplement
M0015-02,SA0015-AIR,,Sample,SA0015-AIR,Occurrence,MPs found in all replicates of suspended dust at IESD-BHU; numeric abundance data in Supplementary File 2,,,,,,,Not reported in main article,,,,,,Reported,Air replicates,Numeric abundance requires supplement
M0016-01,SA0016-01,,Sample,SA0016-01,Abundance,"176.67 ± 12.22 particles/100 g; replicates 190, 166, 174",176.67,12.22,,166,190,3,particles/100 g,Mass,Dry,,Yes,×10 gives particles/kg if 100 g denominator is directly scalable,Reported,Site mean,Lower analytical detection <50 µm difficult; possible underestimation
M0016-02,SA0016-02,,Sample,SA0016-02,Abundance,"236.33 ± 8.74 particles/100 g; replicates 246, 234, 229",236.33,8.74,,229,246,3,particles/100 g,Mass,Dry,,Yes,×10 gives particles/kg if 100 g denominator is directly scalable,Reported,Site mean,Lower analytical detection <50 µm difficult; possible underestimation
M0016-03,SA0016-03,,Sample,SA0016-03,Abundance,"264.33 ± 7.09 particles/100 g; replicates 263, 258, 272",264.33,7.09,,258,272,3,particles/100 g,Mass,Dry,,Yes,×10 gives particles/kg if 100 g denominator is directly scalable,Reported,Site mean,Lower analytical detection <50 µm difficult; possible underestimation
M0016-04,SA0016-04,,Sample,SA0016-04,Abundance,"254.33 ± 8.74 particles/100 g; replicates 264, 252, 247",254.33,8.74,,247,264,3,particles/100 g,Mass,Dry,,Yes,×10 gives particles/kg if 100 g denominator is directly scalable,Reported,Site mean,Lower analytical detection <50 µm difficult; possible underestimation
M0016-05,SA0016-05,,Sample,SA0016-05,Abundance,"387.0 ± 16.7 particles/100 g; replicates 390, 369, 402",387,16.7,,369,402,3,particles/100 g,Mass,Dry,,Yes,×10 gives particles/kg if 100 g denominator is directly scalable,Reported,Site mean,Lower analytical detection <50 µm difficult; possible underestimation
M0016-06,SA0016-06,,Sample,SA0016-06,Abundance,"204.33 ± 7.77 particles/100 g; replicates 213, 202, 198",204.33,7.77,,198,213,3,particles/100 g,Mass,Dry,,Yes,×10 gives particles/kg if 100 g denominator is directly scalable,Reported,Site mean,Lower analytical detection <50 µm difficult; possible underestimation
M0016-07,SA0016-07,,Sample,SA0016-07,Abundance,"393.33 ± 15.57 particles/100 g; replicates 395, 408, 377",393.33,15.57,,377,408,3,particles/100 g,Mass,Dry,,Yes,×10 gives particles/kg if 100 g denominator is directly scalable,Reported,Site mean,Lower analytical detection <50 µm difficult; possible underestimation
M0016-08,SA0016-08,,Sample,SA0016-08,Abundance,"207.0 ± 8.54 particles/100 g; replicates 198, 215, 208",207,8.54,,198,215,3,particles/100 g,Mass,Dry,,Yes,×10 gives particles/kg if 100 g denominator is directly scalable,Reported,Site mean,Lower analytical detection <50 µm difficult; possible underestimation
M0016-09,SA0016-09,,Sample,SA0016-09,Abundance,"26.67 ± 12.66 particles/100 g; replicates 22, 41, 17",26.67,12.66,,17,41,3,particles/100 g,Mass,Dry,,Yes,×10 gives particles/kg if 100 g denominator is directly scalable,Reported,Site mean,Lower analytical detection <50 µm difficult; possible underestimation
M0016-10,SA0016-10,,Sample,SA0016-10,Abundance,"93.66 ± 7.64 particles/100 g; replicates 92, 102, 87",93.66,7.64,,87,102,3,particles/100 g,Mass,Dry,,Yes,×10 gives particles/kg if 100 g denominator is directly scalable,Reported,Site mean,Lower analytical detection <50 µm difficult; possible underestimation
M0016-11,SA0016-11,,Sample,SA0016-11,Abundance,"183.0 ± 8 particles/100 g; replicates 175, 191, 183",183,8,,175,191,3,particles/100 g,Mass,Dry,,Yes,×10 gives particles/kg if 100 g denominator is directly scalable,Reported,Site mean,Lower analytical detection <50 µm difficult; possible underestimation
M0016-12,SA0016-12,,Sample,SA0016-12,Abundance,"189.0 ± 5 particles/100 g; replicates 194, 184, 189",189,5,,184,194,3,particles/100 g,Mass,Dry,,Yes,×10 gives particles/kg if 100 g denominator is directly scalable,Reported,Site mean,Lower analytical detection <50 µm difficult; possible underestimation
M0016-13,SA0016-13,,Sample,SA0016-13,Abundance,"234.67 ± 9.07 particles/100 g; replicates 245, 231, 228",234.67,9.07,,228,245,3,particles/100 g,Mass,Dry,,Yes,×10 gives particles/kg if 100 g denominator is directly scalable,Reported,Site mean,Lower analytical detection <50 µm difficult; possible underestimation
M0016-14,SA0016-14,,Sample,SA0016-14,Abundance,"249.0 ± 7.55 particles/100 g; replicates 257, 242, 248",249,7.55,,242,257,3,particles/100 g,Mass,Dry,,Yes,×10 gives particles/kg if 100 g denominator is directly scalable,Reported,Site mean,Lower analytical detection <50 µm difficult; possible underestimation
M0016-15,SA0016-15,,Sample,SA0016-15,Abundance,"267.33 ± 9.5 particles/100 g; replicates 267, 277, 258",267.33,9.5,,258,277,3,particles/100 g,Mass,Dry,,Yes,×10 gives particles/kg if 100 g denominator is directly scalable,Reported,Site mean,Lower analytical detection <50 µm difficult; possible underestimation
M0016-16,SA0016-16,,Sample,SA0016-16,Abundance,"280.33 ± 14.5 particles/100 g; replicates 280, 266, 295",280.33,14.5,,266,295,3,particles/100 g,Mass,Dry,,Yes,×10 gives particles/kg if 100 g denominator is directly scalable,Reported,Site mean,Lower analytical detection <50 µm difficult; possible underestimation
M0016-17,SA0016-01,,Study,ST0016,Abundance,227.94 ± 89.82 particles/100 g in Results; abstract/highlight gives ±91.37,227.94,89.82,,,,,particles/100 g,Mass,Dry,,Yes,×10,Reported,16-site pooled,Source SD discrepancy retained
M0017-01,SA0017-SALT,,Sample,SA0017-SALT,Abundance,Concentrations across eight brands reported from 103 ± 39 to 56 ± 49 particles kg−1 of salt,,,,,,,particles/kg,Mass,Product mass,,No,,Reported,Brand-level range summarized,Main-text range wording preserved; do not infer ordering
M0017-02,SA0017-SALT,,Sample,SA0017-SALT,Total extracted particles,626 microplastic particles extracted from all samples,626,,,,,,particles,Study total,,,No,,Reported,All samples,
M0017-03,SA0017-SALT,,Sample,SA0017-SALT,Mass concentration,63.76 µg kg−1 of salt,63.76,,,,,,µg/kg,Mass,Product mass,,No,,Reported,All samples,
M0018-01,SA0018-NAT,,Study,ST0018,Abundance,142 ± 99 MPs/L overall,142,99,,,,,MPs/L,Volume,,,No,,Reported,All 12 brands,
M0018-02,SA0018-NAT,,Sample,SA0018-NAT,Abundance,72 ± 36 MPs/L,72,36,,,,6,MPs/L,Volume,,,No,,Reported,National brands,
M0018-03,SA0018-LOC,,Sample,SA0018-LOC,Abundance,212 ± 100 MPs/L,212,100,,,,6,MPs/L,Volume,,,No,,Reported,Local brands,
M0020-01I,SA0020-01-IN,,Sample,SA0020-01-IN,Abundance,1.44 items/L,1.44,,,,,,items/L,Volume,,,No,,Reported,STP influent,
M0020-01E,SA0020-01-EF,,Sample,SA0020-01-EF,Abundance,0.2 items/L,0.2,,,,,,items/L,Volume,,,No,,Reported,STP effluent,
M0020-02I,SA0020-02-IN,,Sample,SA0020-02-IN,Abundance,9.11 items/L,9.11,,,,,,items/L,Volume,,,No,,Reported,STP influent,
M0020-02E,SA0020-02-EF,,Sample,SA0020-02-EF,Abundance,0.47 items/L,0.47,,,,,,items/L,Volume,,,No,,Reported,STP effluent,
M0020-03I,SA0020-03-IN,,Sample,SA0020-03-IN,Abundance,3.28 items/L,3.28,,,,,,items/L,Volume,,,No,,Reported,STP influent,
M0020-03E,SA0020-03-EF,,Sample,SA0020-03-EF,Abundance,0.35 items/L,0.35,,,,,,items/L,Volume,,,No,,Reported,STP effluent,
M0020-04I,SA0020-04-IN,,Sample,SA0020-04-IN,Abundance,13.69 items/L,13.69,,,,,,items/L,Volume,,,No,,Reported,STP influent,
M0020-04E,SA0020-04-EF,,Sample,SA0020-04-EF,Abundance,0.3 items/L,0.3,,,,,,items/L,Volume,,,No,,Reported,STP effluent,
M0020-05I,SA0020-05-IN,,Sample,SA0020-05-IN,Abundance,9.68 items/L,9.68,,,,,,items/L,Volume,,,No,,Reported,STP influent,
M0020-05E,SA0020-05-EF,,Sample,SA0020-05-EF,Abundance,0.8 items/L,0.8,,,,,,items/L,Volume,,,No,,Reported,STP effluent,
M0020-06I,SA0020-06-IN,,Sample,SA0020-06-IN,Abundance,7.1 items/L,7.1,,,,,,items/L,Volume,,,No,,Reported,STP influent,
M0020-06E,SA0020-06-EF,,Sample,SA0020-06-EF,Abundance,0.73 items/L,0.73,,,,,,items/L,Volume,,,No,,Reported,STP effluent,
M0020-07I,SA0020-07-IN,,Sample,SA0020-07-IN,Abundance,1.57 items/L,1.57,,,,,,items/L,Volume,,,No,,Reported,STP influent,
M0020-07E,SA0020-07-EF,,Sample,SA0020-07-EF,Abundance,0.32 items/L,0.32,,,,,,items/L,Volume,,,No,,Reported,STP effluent,
M0001-01,SA0001-WAT,,Sample,SA0001-WAT,Abundance,"23,800–244,000 particles/km²; mean 60,650 particles/km²",60650,,,23800,244000,,particles/km²,Area,,,No,,Reported,Study pooled,Surface-water areal abundance; collection basis sparse in proceedings
M0002-01,SA0002-S01,,Sample,SA0002-S01,Abundance,352 ± 7 particles/m²,352,,7,,,2,particles/m²,Area,,,No,,Reported,Site,Mean ± SE
M0002-02,SA0002-S02,,Sample,SA0002-S02,Abundance,496 ± 2 particles/m²,496,,2,,,2,particles/m²,Area,,,No,,Reported,Site,Mean ± SE
M0002-03,SA0002-S03,,Sample,SA0002-S03,Abundance,240 ± 1 particles/m²,240,,1,,,2,particles/m²,Area,,,No,,Reported,Site,Mean ± SE
M0002-04,SA0002-S04,,Sample,SA0002-S04,Abundance,304 ± 4 particles/m²,304,,4,,,2,particles/m²,Area,,,No,,Reported,Site,Mean ± SE
M0002-05,SA0002-S05,,Sample,SA0002-S05,Abundance,96 ± 5 particles/m²,96,,5,,,2,particles/m²,Area,,,No,,Reported,Site,Mean ± SE
M0002-06,SA0002-S06,,Sample,SA0002-S06,Abundance,160 ± 3 particles/m²,160,,3,,,2,particles/m²,Area,,,No,,Reported,Site,Mean ± SE
M0002-07,SA0002-S07,,Sample,SA0002-S07,Abundance,128 ± 4 particles/m²,128,,4,,,2,particles/m²,Area,,,No,,Reported,Site,Mean ± SE
M0002-08,SA0002-S08,,Sample,SA0002-S08,Abundance,192 ± 3 particles/m²,192,,3,,,2,particles/m²,Area,,,No,,Reported,Site,Mean ± SE
M0002-09,SA0002-S09,,Sample,SA0002-S09,Abundance,272 ± 4 particles/m²,272,,4,,,2,particles/m²,Area,,,No,,Reported,Site,Mean ± SE
M0002-10,SA0002-S10,,Sample,SA0002-S10,Abundance,288 ± 7 particles/m²,288,,7,,,2,particles/m²,Area,,,No,,Reported,Site,Mean ± SE
M0002-11,SA0002-S01,,Study,ST0002,Abundance,96–496 particles/m²; mean 252.80 ± 25.76 particles/m²,252.8,,25.76,96,496,20,particles/m²,Area,,,No,,Reported,Study pooled,Mean ± SE; linked to study scope via Scope_ID
M0004-01,SA0004-SED,,Sample,SA0004-SED,Number abundance,17–36 items/kg d.w.; mean 25 items/kg d.w.,25,,,17,36,,items/kg d.w.,Mass,Dry weight,,No,,Reported,Five-site pooled,
M0004-02,SA0004-SED,,Sample,SA0004-SED,Mass abundance,10–45 mg/kg d.w.; mean 35 mg/kg d.w.,35,,,10,45,,mg/kg d.w.,Mass,Dry weight,,No,,Reported,Five-site pooled,
M0004-03,SA0004-WAT,,Sample,SA0004-WAT,Number abundance,380–684 items/1000 m³; mean 466 items/1000 m³,466,,,380,684,,items/1000 m³,Volume,,,No,,Reported,Five-site pooled,Preserve original unit; do not silently convert
M0004-04,SA0004-WAT,,Sample,SA0004-WAT,Mass abundance,143–340 mg/1000 m³; mean 241 mg/1000 m³,241,,,143,340,,mg/1000 m³,Volume,,,No,,Reported,Five-site pooled,Preserve original unit
M0005-01,SA0005-B01,,Sample,SA0005-B01,Microplastic abundance,498 items/m²,498,,,,,10,items/m²,Area,,,No,,Reported,Beach,Microplastic ~1–5 mm; Table 1
M0005-02,SA0005-B02,,Sample,SA0005-B02,Microplastic abundance,820 items/m²,820,,,,,10,items/m²,Area,,,No,,Reported,Beach,Microplastic ~1–5 mm; Table 1
M0005-03,SA0005-B03,,Sample,SA0005-B03,Microplastic abundance,397 items/m²,397,,,,,10,items/m²,Area,,,No,,Reported,Beach,Microplastic ~1–5 mm; Table 1
M0005-04,SA0005-B04,,Sample,SA0005-B04,Microplastic abundance,391 items/m²,391,,,,,10,items/m²,Area,,,No,,Reported,Beach,Microplastic ~1–5 mm; Table 1
M0005-05,SA0005-B05,,Sample,SA0005-B05,Microplastic abundance,162 items/m²,162,,,,,10,items/m²,Area,,,No,,Reported,Beach,Microplastic ~1–5 mm; Table 1
M0005-06,SA0005-B06,,Sample,SA0005-B06,Microplastic abundance,225 items/m²,225,,,,,10,items/m²,Area,,,No,,Reported,Beach,Microplastic ~1–5 mm; Table 1
M0005-07,SA0005-B07,,Sample,SA0005-B07,Microplastic abundance,212 items/m²,212,,,,,10,items/m²,Area,,,No,,Reported,Beach,Microplastic ~1–5 mm; Table 1
M0005-08,SA0005-B08,,Sample,SA0005-B08,Microplastic abundance,311 items/m²,311,,,,,10,items/m²,Area,,,No,,Reported,Beach,Microplastic ~1–5 mm; Table 1
M0005-09,SA0005-B09,,Sample,SA0005-B09,Microplastic abundance,329 items/m²,329,,,,,10,items/m²,Area,,,No,,Reported,Beach,Microplastic ~1–5 mm; Table 1
M0005-10,SA0005-B10,,Sample,SA0005-B10,Microplastic abundance,217 items/m²,217,,,,,10,items/m²,Area,,,No,,Reported,Beach,Microplastic ~1–5 mm; Table 1
M0007-J19,SA0007-J19,,Sample,SA0007-J19,Abundance,9 ± 4.3 particles/50 g d.w.,9,4.3,,4,14,,particles/50 g d.w.,Mass,Dry weight,180,Yes,×20 because 50 g dry weight = 0.05 kg,Reported,Season pooled,Standardized value = particles/kg d.w.
M0007-JAN20,SA0007-JAN20,,Sample,SA0007-JAN20,Abundance,19 ± 12.9 particles/50 g d.w.,19,12.9,,4,54.5,,particles/50 g d.w.,Mass,Dry weight,380,Yes,×20 because 50 g dry weight = 0.05 kg,Reported,Season pooled,Standardized value = particles/kg d.w.
M0007-J20,SA0007-J20,,Sample,SA0007-J20,Abundance,10 ± 4.5 particles/50 g d.w.,10,4.5,,2.5,20,,particles/50 g d.w.,Mass,Dry weight,200,Yes,×20 because 50 g dry weight = 0.05 kg,Reported,Season pooled,Standardized value = particles/kg d.w.
M0008-FISH,SA0008-FISH,,Sample,SA0008-FISH,Prevalence,30 MPs / 653 fish; occurrence 4.6%,4.6,,,,,653,%,Individuals,,,No,,Reported,Fish pooled,Paper reports 30 microplastics and 4.6% occurrence across 653 fish.
M0010-OYS,SA0010-OYS,,Sample,SA0010-OYS,Abundance,6.9 ± 3.84 items/individual,6.9,3.84,,,,180,items/individual,Individual oyster,Wet tissue,,No,,Reported,Three-site pooled,Mean across sites and oyster sizes.
M0010-OYSG,SA0010-OYS,,Sample,SA0010-OYS,Abundance,0.81 ± 0.45 items/g,0.81,0.45,,,,180,items/g,Tissue mass,Wet tissue,,No,,Reported,Three-site pooled,Mean concentration.
M0010-WAT,SA0010-WAT,,Sample,SA0010-WAT,Abundance,12.14 ± 3.11 to 31.05 ± 2.12 items/L,,,,12.14,31.05,,items/L,Volume,,,No,,Reported,Across three sites,Site values in Supplementary Table S1.
M0010-SED,SA0010-SED,,Sample,SA0010-SED,Abundance,8.22 ± 0.92 to 17.28 ± 2.53 items/kg,,,,8.22,17.28,,items/kg,Mass,Not Reported,,No,,Reported,Across three sites,Wet/dry basis not explicitly stated in cited result.
M0011-WATMAX,SA0011-WAT,,Sample,SA0011-WAT,Abundance,Highest: Periyar River 163.67 items/L,163.67,,,,,,items/L,Volume,,,No,,Reported,Zone maximum,Minimum reported as 31.8 items/L at Z5.
M0011-BIV,SA0011-BIV-DG,,Study,ST0011,Abundance,Average 15.9 items/g tissue,15.9,,,,,,items/g tissue,Tissue mass,Wet tissue,,No,,Reported,Bivalves pooled,Across bivalve species/locations/tissues.
M0011-DGMAX,SA0011-BIV-DG,,Sample,SA0011-BIV-DG,Abundance,Periyar River clam digestive gland: 22.8 items/g,22.8,,,,,,items/g tissue,Tissue mass,Not Determinable,,No,,Reported,Zone/species/tissue,Mass basis not explicitly stated as wet/dry in source
M0011-GMAX,SA0011-BIV-GILL,,Sample,SA0011-BIV-GILL,Abundance,Periyar River clam gill: 29.6 items/g,29.6,,,,,,items/g tissue,Tissue mass,Not Determinable,,No,,Reported,Zone/species/tissue,Mass basis not explicitly stated as wet/dry in source
M0012-GOA-SURF,SA0012-GOA-SURF,,Sample,SA0012-GOA-SURF,Abundance,100.93 ± 64.19 pieces/kg,100.93,64.19,,,,,pieces/kg,Mass,Not Determinable,,No,,Reported,Region × depth,Mass basis not explicitly stated as wet/dry in source
M0012-GOA-10,SA0012-GOA-10,,Sample,SA0012-GOA-10,Abundance,90.7 ± 40.37 pieces/kg,90.7,40.37,,,,,pieces/kg,Mass,Dry weight,,No,,Reported,Region × depth,Mean ± SD
M0012-GOA-20,SA0012-GOA-20,,Sample,SA0012-GOA-20,Abundance,119.76 ± 169.44 pieces/kg,119.76,169.44,,,,,pieces/kg,Mass,Dry weight,,No,,Reported,Region × depth,Mean ± SD
M0012-GOA-30,SA0012-GOA-30,,Sample,SA0012-GOA-30,Abundance,48.34 ± 29.75 pieces/kg,48.34,29.75,,,,,pieces/kg,Mass,Dry weight,,No,,Reported,Region × depth,Mean ± SD
M0012-UDP-SURF,SA0012-UDP-SURF,,Sample,SA0012-UDP-SURF,Abundance,95.68 ± 30.69 pieces/kg,95.68,30.69,,,,,pieces/kg,Mass,Dry weight,,No,,Reported,Region × depth,Mean ± SD
M0012-UDP-10,SA0012-UDP-10,,Sample,SA0012-UDP-10,Abundance,55.0 ± 29.33 pieces/kg,55,29.33,,,,,pieces/kg,Mass,Dry weight,,No,,Reported,Region × depth,Mean ± SD
M0012-UDP-20,SA0012-UDP-20,,Sample,SA0012-UDP-20,Abundance,46.53 ± 9.04 pieces/kg,46.53,9.04,,,,,pieces/kg,Mass,Dry weight,,No,,Reported,Region × depth,Mean ± SD
M0012-UDP-30,SA0012-UDP-30,,Sample,SA0012-UDP-30,Abundance,16.1 ± 7.63 pieces/kg,16.1,7.63,,,,,pieces/kg,Mass,Dry weight,,No,,Reported,Region × depth,Mean ± SD
M0014-ALL,SA0014-AMP1,,Study,ST0014,Deposition flux,462–5346 particles/m²/day; mean 2256 ± 1221,2256,1221,,462,5346,54,particles/m²/day,Area × time,,,No,,Reported,54 samples / 3 sites,Study-wide campaign.
M0014-A1,SA0014-AMP1,,Sample,SA0014-AMP1,Deposition flux,891 ± 518 particles/m²/day,891,518,,,,18,particles/m²/day,Area × time,,,No,,Reported,Site pooled,AMP-1.
M0014-A2,SA0014-AMP2,,Sample,SA0014-AMP2,Deposition flux,795 ± 432 particles/m²/day,795,432,,,,18,particles/m²/day,Area × time,,,No,,Reported,Site pooled,AMP-2.
M0014-A3,SA0014-AMP3,,Sample,SA0014-AMP3,Deposition flux,570 ± 328 particles/m²/day,570,328,,,,18,particles/m²/day,Area × time,,,No,,Reported,Site pooled,AMP-3.
M0072-UP,SA0072-UP,,Sample,SA0072-UP,Abundance,40 ± 22 items kg−1,40,22,,,,,items/kg,Mass,Air-dried,,No,,Reported,Upstream grouped result,CMP-SED-DW — conditional; air-dried basis
M0072-DN,SA0072-DN,,Sample,SA0072-DN,Abundance,150 ± 56 items kg−1,150,56,,,,,items/kg,Mass,Air-dried,,No,,Reported,Downstream grouped result,CMP-SED-DW — conditional; air-dried basis
M0077-ALL,SA0077-WAT,,Sample,SA0077-WAT,Abundance,47 ± 23.8 particles L−1; range 8–82,47,23.8,,8,82,13,particles/L,Volume,,,No,,Reported,13-site study summary,CMP-W-VOL — grab water; 1-L composite/site
M0080-W1,SA0080-W1,,Sample,SA0080-W1,Abundance,60 ± 5 particles/L,60,5,,,,3,particles/L,Volume,,,No,,Reported,Site I,CMP-W-VOL
M0080-S1,SA0080-S1,,Sample,SA0080-S1,Abundance,96 ± 7 particles/kg dry weight,96,7,,,,3,particles/kg,Mass,Dry weight,,No,,Reported,Site I,CMP-SED-DW
M0080-W2,SA0080-W2,,Sample,SA0080-W2,Abundance,100 ± 16 particles/L,100,16,,,,3,particles/L,Volume,,,No,,Reported,Site II,CMP-W-VOL
M0080-S2,SA0080-S2,,Sample,SA0080-S2,Abundance,161 ± 18 particles/kg dry weight,161,18,,,,3,particles/kg,Mass,Dry weight,,No,,Reported,Site II,CMP-SED-DW
M0081-MUMG,SA0081-MUM,,Sample,SA0081-MUM,Abundance,77.39 MPs items/g,77.39,,,,,,MPs items/g,Mass,Wet tissue,,No,,Reported,Site mean,
M0081-RATG,SA0081-RAT,,Sample,SA0081-RAT,Abundance,20.86 MPs items/g,20.86,,,,,,MPs items/g,Mass,Wet tissue,,No,,Reported,Site mean,
M0081-SING,SA0081-SIN,,Sample,SA0081-SIN,Abundance,13.06 MPs items/g,13.06,,,,,,MPs items/g,Mass,Wet tissue,,No,,Reported,Site mean,
M0081-POOLG,SA0081-MUM,,Sample,SA0081-MUM,Abundance,55.04 ± 32.15 MPs items/g pooled,55.04,32.15,,,,150,MPs items/g,Mass,Wet tissue,,No,,Reported,Study pooled,
M0081-POOLI,SA0081-MUM,,Sample,SA0081-MUM,Abundance,138.61 ± 94.74 MPs items/individual pooled,138.61,94.74,,,,150,MPs items/individual,Individual,,,No,,Reported,Study pooled,
M0082-C1G,SA0082-CM1,,Sample,SA0082-CM1,Abundance,75.45 ± 13.93 items/g,75.45,13.93,,,,30,items/g,Mass,Wet tissue,,No,,Reported,Station mean,
M0082-C1I,SA0082-CM1,,Sample,SA0082-CM1,Abundance,204.97 ± 53.95 items/individual,204.97,53.95,,,,30,items/individual,Individual,,,No,,Reported,Station mean,
M0082-W1,SA0082-W1,,Sample,SA0082-W1,Abundance,510 ± 295.68 items/L,510,295.68,,,,,items/L,Volume,,,No,,Reported,Station mean,
M0082-S1,SA0082-S1,,Sample,SA0082-S1,Abundance,10025.5 ± 895.1 items/kg,10025.5,895.1,,,,,items/kg,Mass,Not Reported,,No,,Reported,Station mean,
M0082-C2G,SA0082-CM2,,Sample,SA0082-CM2,Abundance,82.16 ± 24.6 items/g,82.16,24.6,,,,30,items/g,Mass,Wet tissue,,No,,Reported,Station mean,
M0082-C2I,SA0082-CM2,,Sample,SA0082-CM2,Abundance,210.63 ± 113.27 items/individual,210.63,113.27,,,,30,items/individual,Individual,,,No,,Reported,Station mean,
M0082-W2,SA0082-W2,,Sample,SA0082-W2,Abundance,643.5 ± 372.65 items/L,643.5,372.65,,,,,items/L,Volume,,,No,,Reported,Station mean,
M0082-S2,SA0082-S2,,Sample,SA0082-S2,Abundance,11782 ± 1056.2 items/kg,11782,1056.2,,,,,items/kg,Mass,Not Reported,,No,,Reported,Station mean,
M0082-C3G,SA0082-CM3,,Sample,SA0082-CM3,Abundance,74.57 ± 10.75 items/g,74.57,10.75,,,,30,items/g,Mass,Wet tissue,,No,,Reported,Station mean,
M0082-C3I,SA0082-CM3,,Sample,SA0082-CM3,Abundance,180.87 ± 32.18 items/individual,180.87,32.18,,,,30,items/individual,Individual,,,No,,Reported,Station mean,
M0082-W3,SA0082-W3,,Sample,SA0082-W3,Abundance,459 ± 265.49 items/L,459,265.49,,,,,items/L,Volume,,,No,,Reported,Station mean,
M0082-S3,SA0082-S3,,Sample,SA0082-S3,Abundance,9897 ± 786.8 items/kg,9897,786.8,,,,,items/kg,Mass,Not Reported,,No,,Reported,Station mean,
M0083-F,SA0083-FISH,,Sample,SA0083-FISH,Abundance,54.06 ± 14.48 MP items/g,54.06,14.48,,,,,MP items/g,Mass,,,No,,Reported,Study pooled,
M0083-S,SA0083-SALT,,Sample,SA0083-SALT,Abundance,23.53 ± 4.2 MP items/g,23.53,4.2,,,,,MP items/g,Mass,,,No,,Reported,Study pooled,
M0085-FRESH,SA0085-FRESH,,Sample,SA0085-FRESH,Abundance,0.33 ± 0.81 MPs items/g,0.33,0.81,,,,50,MPs items/g,Mass,Wet tissue,,No,,Reported,Fresh control,
M0085-SALT,SA0085-SALT,,Sample,SA0085-SALT,Abundance,40.72 ± 5.97 MPs items/g,40.72,5.97,,,,,MPs items/g,Mass,,,No,,Reported,Solar salt,
M0085-11,SA0085-11,,Sample,SA0085-11,Abundance,65.7 ± 6 MPs items/g,65.7,6,,,,30,MPs items/g,Mass,Wet tissue,,No,,Reported,Treatment mean,
M0085-110,SA0085-110,,Sample,SA0085-110,Abundance,3.36 ± 1.5 MPs items/g,3.36,1.5,,,,30,MPs items/g,Mass,Wet tissue,,No,,Reported,Treatment mean,
M0086-AP-SHR,SA0086-AP-SHR,,Sample,SA0086-AP-SHR,Abundance,1.1 ± 1.3 MPs items/g (inland saline ponds),1.1,1.3,,,,,MPs items/g,Mass,Wet tissue,,No,,Reported,Ponds 1–6 pooled,
M0086-GJ-SHR,SA0086-GJ-SHR,,Sample,SA0086-GJ-SHR,Abundance,1.4 ± 1.6 MPs items/g (coastal ponds),1.4,1.6,,,,,MPs items/g,Mass,Wet tissue,,No,,Reported,Ponds 7–12 pooled,
M0087-LM-Fresh,SA0087-LM-Fresh,,Sample,SA0087-LM-Fresh,Abundance,6.87 ± 1.56 items/g wet tissue,6.87,1.56,,,,30,items/g,Mass,Wet tissue,,No,,Reported,Treatment mean,
M0087-LM-24h,SA0087-LM-24h,,Sample,SA0087-LM-24h,Abundance,4.99 ± 1.71 items/g wet tissue,4.99,1.71,,,,30,items/g,Mass,Wet tissue,,No,,Reported,Treatment mean,
M0087-LM-48h,SA0087-LM-48h,,Sample,SA0087-LM-48h,Abundance,3.71 ± 1.06 items/g wet tissue,3.71,1.06,,,,30,items/g,Mass,Wet tissue,,No,,Reported,Treatment mean,
M0087-LM-72h,SA0087-LM-72h,,Sample,SA0087-LM-72h,Abundance,2.75 ± 0.89 items/g wet tissue,2.75,0.89,,,,30,items/g,Mass,Wet tissue,,No,,Reported,Treatment mean,
M0087-LM-Clean,SA0087-LM-Clean,,Sample,SA0087-LM-Clean,Abundance,2.12 ± 0.64 items/g wet tissue,2.12,0.64,,,,30,items/g,Mass,Wet tissue,,No,,Reported,Treatment mean,
M0087-LM-Gill,SA0087-LM-Gill,,Sample,SA0087-LM-Gill,Abundance,1.41 ± 0.52 items/g wet tissue,1.41,0.52,,,,30,items/g,Mass,Wet tissue,,No,,Reported,Treatment mean,
M0087-PV-Fresh,SA0087-PV-Fresh,,Sample,SA0087-PV-Fresh,Abundance,10.61 ± 2.57 items/g wet tissue,10.61,2.57,,,,30,items/g,Mass,Wet tissue,,No,,Reported,Treatment mean,
M0087-PV-24h,SA0087-PV-24h,,Sample,SA0087-PV-24h,Abundance,8.06 ± 1.34 items/g wet tissue,8.06,1.34,,,,30,items/g,Mass,Wet tissue,,No,,Reported,Treatment mean,
M0087-PV-48h,SA0087-PV-48h,,Sample,SA0087-PV-48h,Abundance,5.95 ± 1.38 items/g wet tissue,5.95,1.38,,,,30,items/g,Mass,Wet tissue,,No,,Reported,Treatment mean,
M0087-PV-72h,SA0087-PV-72h,,Sample,SA0087-PV-72h,Abundance,5.03 ± 0.98 items/g wet tissue,5.03,0.98,,,,30,items/g,Mass,Wet tissue,,No,,Reported,Treatment mean,
M0087-PV-Clean,SA0087-PV-Clean,,Sample,SA0087-PV-Clean,Abundance,4.33 ± 1.01 items/g wet tissue,4.33,1.01,,,,30,items/g,Mass,Wet tissue,,No,,Reported,Treatment mean,
M0087-PV-Gill,SA0087-PV-Gill,,Sample,SA0087-PV-Gill,Abundance,3.42 ± 0.63 items/g wet tissue,3.42,0.63,,,,30,items/g,Mass,Wet tissue,,No,,Reported,Treatment mean,
M0087-MC-Fresh,SA0087-MC-Fresh,,Sample,SA0087-MC-Fresh,Abundance,9.32 ± 1.87 items/g wet tissue,9.32,1.87,,,,30,items/g,Mass,Wet tissue,,No,,Reported,Treatment mean,
M0087-MC-24h,SA0087-MC-24h,,Sample,SA0087-MC-24h,Abundance,7.21 ± 1.69 items/g wet tissue,7.21,1.69,,,,30,items/g,Mass,Wet tissue,,No,,Reported,Treatment mean,
M0087-MC-48h,SA0087-MC-48h,,Sample,SA0087-MC-48h,Abundance,5.19 ± 1.14 items/g wet tissue,5.19,1.14,,,,30,items/g,Mass,Wet tissue,,No,,Reported,Treatment mean,
M0087-MC-72h,SA0087-MC-72h,,Sample,SA0087-MC-72h,Abundance,4.66 ± 0.73 items/g wet tissue,4.66,0.73,,,,30,items/g,Mass,Wet tissue,,No,,Reported,Treatment mean,
M0087-MC-Clean,SA0087-MC-Clean,,Sample,SA0087-MC-Clean,Abundance,4.05 ± 0.52 items/g wet tissue,4.05,0.52,,,,30,items/g,Mass,Wet tissue,,No,,Reported,Treatment mean,
M0087-MC-Gill,SA0087-MC-Gill,,Sample,SA0087-MC-Gill,Abundance,3.26 ± 0.48 items/g wet tissue,3.26,0.48,,,,30,items/g,Mass,Wet tissue,,No,,Reported,Treatment mean,
M0089-01,SA0089-ALL,BIO0089-ALL,Study,ST0089,Abundance,"7.63 MPs/individual across GI tract, gills and muscle tissues",7.63,,,,,220,MPs/individual,individual,,,No,Already reported per individual,Reported,Pooled study,CMP-BIOTA-I
M0089-02,SA0089-ALL,BIO0089-ALL,Study,ST0089,Total particle count,1678 MPs across 220 fish,1678,,,,,220,MPs,study total,,,No,Total count is not a concentration,Reported,Pooled study,OCCURRENCE_ONLY
M0089-03,SA0089-ALL,BIO0089-ALL,Organ,GI tract,Particle count,751 MPs in gastrointestinal tract,751,,,,,220,MPs,pooled organ count,,,No,Pooled organ total,Reported,Organ pooled,OCCURRENCE_ONLY
M0089-04,SA0089-ALL,BIO0089-ALL,Organ,Gills,Particle count,605 MPs in gills,605,,,,,220,MPs,pooled organ count,,,No,Pooled organ total,Reported,Organ pooled,OCCURRENCE_ONLY
M0089-05,SA0089-ALL,BIO0089-ALL,Organ,Muscle,Particle count,322 MPs in muscle tissues,322,,,,,220,MPs,pooled organ count,,,No,Pooled organ total,Reported,Organ pooled,OCCURRENCE_ONLY
M0091-01,SA0091-SED,,Study,ST0091,Abundance range,"Jorabagan and Fairley Ghat showed the highest concentrations, reported as 30–38 particles per 100 g dry sediment",,,,,,,particles/100 g dry sediment,Dry sediment mass,Dry,,Yes,Multiply by 10 only if/when a standardized items/kg field is deliberately populated; source unit preserved here,Reported,Named high-site range,CMP-SED-DW
M0093-SP-RANGE,SA0093-SP,,Sample_Group,SA0093-SP,Abundance range,Spatial S1–S21: 45–437 items/kg,,,,45,437,,items/kg,Dry sediment mass,Dry,,No,Source-reported range,Reported,Spatial study,CMP-SED-DW
M0093-TM-RANGE,SA0093-TM,,Sample_Group,SA0093-TM,Abundance range,Temporal T1–T7: 65–620 items/kg,,,,65,620,,items/kg,Dry sediment mass,Dry,,No,Source-reported range,Reported,Temporal study,CMP-SED-DW
M0093-S1-2021MAR,SA0093-SP,,Site_Season,S1 March 2021,Abundance,approximately 437 items/kg at S1 in March 2021,437,,,,,,items/kg,Dry sediment mass,Dry,,No,Approximate narrative value,Reported,Site-season,CMP-SED-DW
M0093-T5-2022MAY,SA0093-TM,,Site_Month,T5 May 2022,Abundance,620 items/kg at T5 in May 2022,620,,,,,,items/kg,Dry sediment mass,Dry,,No,Explicit narrative value,Reported,Site-month,CMP-SED-DW
M0093-T5-FLOOD,SA0093-TM,,Site_Month,T5 following flood,Abundance,105 items/kg at T5 during the following flood period,105,,,,,,items/kg,Dry sediment mass,Dry,,No,Explicit narrative value,Reported,Site-month,CMP-SED-DW
M0090-GIT,SA0090-01,,Organ pooled across study,GIT,Abundance,Gastrointestinal tract: 5.53 ± 4.26 items/individual,5.53,4.26,,,,90,items/individual,Fish individual,Not Applicable,,No,Reported organ-specific pooled abundance,Reported,Organ pooled across three sites,CMP-BIOTA-I
M0090-GILL,SA0090-01,,Organ pooled across study,Gill,Abundance,Gills: 3.50 ± 2.58 items/individual,3.5,2.58,,,,90,items/individual,Fish individual,Not Applicable,,No,Reported organ-specific pooled abundance,Reported,Organ pooled across three sites,CMP-BIOTA-I
M0090-MUSCLE,SA0090-01,,Organ pooled across study,Muscle,Abundance,Muscle: 0.08 ± 0.02 items/individual,0.08,0.02,,,,90,items/individual,Fish individual,Not Applicable,,No,Reported organ-specific pooled abundance,Reported,Organ pooled across three sites,CMP-BIOTA-I
M0096-ES-MAX,SA0096-ES,,Habitat maximum,Estuarine sediment,Abundance,Estuarine sediments: up to 6 ± 1.8 items g−1,6,1.8,,,,,items/g,Sediment mass,Not Determinable,,No,"Could arithmetically scale g to kg, but wet/dry sediment basis is not safely established in accessible primary text; standardized value withheld.",Reported,Estuarine habitat maximum,HOLD — mass basis unresolved
M0092-W-COUNT,SA0092-W,,Study matrix total,Surface water,Particle count,375 particles identified in 30 surface-water samples,,,,,,30,particles (total),30 water samples,Not Applicable,,No,Total particle count is not a concentration; sampled volume/station table required,Reported,Study matrix total,OCCURRENCE ONLY — concentration pending
M0092-S-COUNT,SA0092-S,,Study matrix total,Sediment,Particle count,1663 particles identified in 60 sediment samples,,,,,,60,particles (total),60 sediment samples,Not Determinable,,No,Total particle count is not mass-normalized abundance; station table required,Reported,Study matrix total,OCCURRENCE ONLY — abundance pending
M0092-ALL-COUNT,SA0092-W,,Study total,Water + sediment,Particle count,2038 particles identified overall: 375 water and 1663 sediment,,,,,,90,particles (total),90 environmental samples,,,No,Cross-matrix total retained as descriptive study result only,Reported,Study total,NOT COMPARABLE — cross-matrix total
M0097-MEAN,SA0097-ALL,,Study pooled,ST0097,Mean abundance,78.68 ± 6.9 items/kg dry weight,78.68,6.9,,,,,items/kg,Dry sediment mass,Dry,,No,Already reported per kg dry weight,Reported,Pooled across six sites/four seasons,CMP-SED-DW
M0088-W-RANGE,SA0088-W,,Study range,11 sites,Abundance range,140–420 particles/m³,,,,140,420,,particles/m³,Water volume,Not Applicable,,No,,Reported,Across 11 sites,CMP-W-NET
M0088-S-RANGE,SA0088-S,,Study range,11 sites,Abundance range,13.63–53.33 particles/kg,,,,13.63,53.33,,particles/kg,Sediment mass,Not Determinable,,No,,Reported,Across 11 sites,HOLD — mass basis unresolved
M0088-F-RANGE,SA0088-F,,Species range,7 fish species,Abundance range,1–5.33 particles/individual in fish gut,,,,1,5.33,,particles/individual,Fish individual,Not Applicable,,No,,Reported,Across seven species,CMP-BIOTA-I
M0098-S-MEAN,SA0098-S,,Study pooled,Gujarat sediment,Mean abundance,195.14 ± 111.14 items/kg dry weight; range 82.20–436.53,195.14,111.14,,82.2,436.53,,items/kg,Dry sediment mass,Dry,,No,,Reported,Pooled study,CMP-SED-DW
M0098-W-MEAN,SA0098-W,,Study pooled,Gujarat seawater,Mean abundance,263.22 ± 149.32 items/m³; range 108.35–582.19,263.22,149.32,,108.35,582.19,,items/m³,Water volume,Not Applicable,,No,,Reported,Pooled study,CMP-W-VOL
M0094-S-MEAN,SA0094-S,,Study pooled,15 Chennai sites,Mean abundance,30.13 ± 3.13 MPs/kg,30.13,3.13,,,,,MPs/kg,Sediment mass,Not Determinable,,No,,Reported,Pooled 15 sites,HOLD — mass basis unresolved
M0095-FE,SA0095-FE,,Fish group,Farmed E. suratensis,Abundance,299 MPs total; 2.74 ± 0.25 MPs/fish,2.74,0.25,,,,,MPs/fish,Fish individual,Not Applicable,,No,,Reported,Fish group,CMP-BIOTA-I
M0095-FW,SA0095-FW,,Fish group,Wild E. suratensis,Abundance,309 MPs total; 14.63 ± 1.19 MPs/fish,14.63,1.19,,,,,MPs/fish,Fish individual,Not Applicable,,No,,Reported,Fish group,CMP-BIOTA-I
M0095-FT,SA0095-FT,,Fish group,Farmed T. blochii,Abundance,677 MPs total; 6.57 ± 0.23 MPs/fish,6.57,0.23,,,,,MPs/fish,Fish individual,Not Applicable,,No,,Reported,Fish group,CMP-BIOTA-I
M0095-E-MUS,SA0095-FE,,Organ,E. suratensis muscle,Abundance,2.1 MP/g,2.1,,,,,,MP/g,Tissue mass,Wet/dry not reported in accessible text,,No,,Reported,Species-organ,HOLD — tissue mass basis unresolved
M0095-E-GIT,SA0095-FE,,Organ,E. suratensis GIT,Abundance,2.76 MP/g,2.76,,,,,,MP/g,Tissue mass,Wet/dry not reported in accessible text,,No,,Reported,Species-organ,HOLD — tissue mass basis unresolved
M0095-E-LIV,SA0095-FE,,Organ,E. suratensis liver,Abundance,1.36 MP/g,1.36,,,,,,MP/g,Tissue mass,Wet/dry not reported in accessible text,,No,,Reported,Species-organ,HOLD — tissue mass basis unresolved
M0095-T-MUS,SA0095-FT,,Organ,T. blochii muscle,Abundance,6.26 MP/g,6.26,,,,,,MP/g,Tissue mass,Wet/dry not reported in accessible text,,No,,Reported,Species-organ,HOLD — tissue mass basis unresolved
M0095-T-GIT,SA0095-FT,,Organ,T. blochii GIT,Abundance,10.3 MP/g,10.3,,,,,,MP/g,Tissue mass,Wet/dry not reported in accessible text,,No,,Reported,Species-organ,HOLD — tissue mass basis unresolved
M0095-T-LIV,SA0095-FT,,Organ,T. blochii liver,Abundance,5.4 MP/g,5.4,,,,,,MP/g,Tissue mass,Wet/dry not reported in accessible text,,No,,Reported,Species-organ,HOLD — tissue mass basis unresolved
M0061-MEAN,SA0061-ALL,,Study pooled,ST0061,Mean abundance,258.7 ± 90.0 particles/kg beach sediment,258.7,90,,,,,particles/kg,Sediment mass,Not Determinable,,No,"Already per kg, but wet/dry basis unresolved",Reported,Nine-station mean,HOLD — mass basis unresolved
M0061-SW,SA0061-ALL,,Named site,Swargadwara,Abundance,378.3 ± 39.7 particles/kg beach sediment,378.3,39.7,,,,,particles/kg,Sediment mass,Not Determinable,,No,,Reported,Site mean,HOLD — mass basis unresolved
M0061-AB,SA0061-ALL,,Named site,Abhayachandpur,Abundance,153.3 ± 27.3 particles/kg beach sediment,153.3,27.3,,,,,particles/kg,Sediment mass,Not Determinable,,No,,Reported,Site mean,HOLD — mass basis unresolved
M0062-OCC,SA0062-01,,Study,ST0062,Occurrence / presence,Microplastic presence confirmed in Harike Wetland surface-water sample; no defensible volumetric abundance concentration reported.,,,,,,,presence,Not Applicable,Not Applicable,,No,"Net tow sampled 600 m, but sampled water volume/net mouth area not reported sufficiently for concentration calculation.",Reported,Single wetland sampling site,Occurrence only
M0078-RANGE,SA0078-L1,,Five-lake study,ST0078,Mass concentration range,"89–637 mg/L across five lakes (abstract); abstract also states Saduperi 673 mg/L, while Results/Conclusion state 637 mg/L.",,,,89,637,,mg/L,Water volume,Not Applicable,,No,Gravimetric microplastic residue mass concentration; not convertible to particle count without particle-mass information.,Reported,Five-lake range,CMP-MASS — WATER
M0078-L2,SA0078-L2,,Lake,Saduperi Lake,Mass concentration,637 mg/L in Results/Conclusion; abstract contains conflicting 673 mg/L statement.,637,,,,,,mg/L,Water volume,Not Applicable,,No,Gravimetric mass concentration; source discrepancy retained.,Reported,Lake-level reported value,CMP-MASS — WATER
M0079-MEAN,SA0079-ALL,,Study pooled,ST0079,Mean abundance,1279.3 ± 128.6 particles/L,1279.3,128.6,,,,,particles/L,Water volume,Not Applicable,,No,,Reported,Six-brand mean,CMP-FOOD
M0079-RANGE,SA0079-ALL,,Study pooled,ST0079,Abundance range,808–1888 particles/L,,,,808,1888,,particles/L,Water volume,Not Applicable,,No,,Reported,Six-brand range,CMP-FOOD
M0079-INB5,SA0079-ALL,,Brand code,INB5,Abundance,1888 ± 104 particles/L,1888,104,,,,,particles/L,Water volume,Not Applicable,,No,,Reported,Brand-level,CMP-FOOD
M0066-GW,SA0066-GW,,Study pooled,ST0066,Abundance,3–122 particles/L; average 35.46 particles/L,35.46,,,3,122,,particles/L,Water volume,Not Applicable,,No,,Reported,Groundwater sites,CMP-W-VOL
M0066-SED,SA0066-SED,,Study pooled,ST0066,Abundance,170–1140 particles/kg; average 505.52 particles/kg,505.52,,,170,1140,,particles/kg,Sediment mass,Not Determinable,,No,,Reported,Sediment sites,HOLD — wet/dry basis unresolved
M0068-GW,SA0068-GW,,Study pooled,ST0068,Abundance,24–1889 particles/L; average 103.73 ± 2.28 particles/L,103.73,2.28,,24,1889,120,particles/L,Water volume,Not Applicable,,No,,Reported,120 open wells,CMP-W-VOL
M0068-PREV,SA0068-GW,,Study pooled,ST0068,Prevalence,MPs detected in 73.33% of groundwater samples,73.33,,,,,120,% samples positive,Samples,Not Applicable,,No,,Reported,120 open wells,CMP-PREV
M0069-S1,SA0069-S1,,Site core,SI0069-S1,Average abundance,138.5 MP cm−2,138.5,,,,,,MP/cm²,Core area,Not Applicable,,No,,Reported,0–10 cm core,CMP-W-AREA / sediment-core area metric
M0069-S2,SA0069-S2,,Site core,SI0069-S2,Average abundance,107.5 MP cm−2,107.5,,,,,,MP/cm²,Core area,Not Applicable,,No,,Reported,0–10 cm core,AREA-BASED CORE — preserve source unit
M0069-S3,SA0069-S3,,Site core,SI0069-S3,Average abundance,118.0 MP cm−2,118,,,,,,MP/cm²,Core area,Not Applicable,,No,,Reported,0–10 cm core,AREA-BASED CORE — preserve source unit
M0070-WAT,SA0070-WAT,,Study pooled,ST0070,Abundance,0.17–2.51 MPs/L across stations; average 1.21 MPs/L,1.21,,,0.17,2.51,,MPs/L,Water volume,Not Applicable,,No,,Reported,Five beaches / stations,CMP-W-VOL
M0071-WAT,SA0071-WAT,,Study pooled,ST0071,Abundance range,6.7–12.3 items/L across three lakes,,,,6.7,12.3,,items/L,Water volume,Not Applicable,,No,,Reported,Three lakes,CMP-W-VOL — interpret composition carefully
M0063-W,SA0063-W,,Matrix pooled,ST0063-water,Mean abundance,315 particles in 25 surface-water/groundwater samples; average 13 particles/L,13,,,,,,particles/L,Water volume,Not Applicable,,No,,Reported,Pooled water matrices,HOLD — surface water and groundwater pooled in accessible result
M0063-S,SA0063-S,,Matrix pooled,ST0063-sediment,Mean abundance,263 particles in 12 samples; average 22 particles per 5 g dry sediment,22,,,,,,particles/5 g dry sediment,Dry sediment mass,Dry,4400,Yes,22 particles / 5 g × 1000 g/kg = 4400 particles/kg dry sediment,Reported + IMED arithmetic standardization,Pooled foreshore/river-mouth sediment,CMP-SED-DW
M0064-MEAN,SA0064-S,,Study pooled,ST0064,Mean abundance,564 particles/kg,564,,,,,,particles/kg,Sediment mass,Not Determinable,,No,Already per kg; wet/dry basis not explicit in accessible primary abstract,Reported,31-beach mean,HOLD — mass basis unresolved
M0065-WR,SA0065-W,,23-location range,ST0065-water,Average concentration range,311–939 MPs/m³,,,,311,939,,MPs/m3,Water volume,Not Applicable,,No,,Reported,Location-level average range,CMP-W-NET/PROTOCOL PENDING
M0065-SR,SA0065-S,,23-location range,ST0065-sediment,Average concentration range,2–144 MPs/kg d.w.,,,,2,144,,MPs/kg dry weight,Dry sediment mass,Dry,,No,,Reported,Location-level average range,CMP-SED-DW
M0065-FE,SA0065-F,,Fish organ pooled,flesh+skin,Mean abundance,10.7 ± 14.9 MPs/fish in edible flesh+skin,10.7,14.9,,,,,MPs/fish,Fish individual,Not Applicable,,No,,Reported,Seven species pooled edible parts,CMP-BIOTA-I
M0065-FG,SA0065-F,,Fish organ pooled,gills,Mean abundance,7 ± 8.1 MPs/fish in gills,7,8.1,,,,,MPs/fish,Fish individual,Not Applicable,,No,,Reported,Seven species pooled gills,CMP-BIOTA-I
M0065-FGI,SA0065-F,,Fish organ pooled,GIT,Mean abundance,6.6 ± 5.5 MPs/fish in GIT,6.6,5.5,,,,,MPs/fish,Fish individual,Not Applicable,,No,,Reported,Seven species pooled GIT,CMP-BIOTA-I
M0067-MEAN,SA0067-S,,Study pooled,ST0067,Mean abundance,1017.66 ± 81.08 particles per 500 g river sediment,1017.66,81.08,,,,,particles/500 g,Sediment mass,Not Determinable,,"Yes, arithmetic only if mass basis later confirmed","Equivalent arithmetic = 2035.32 particles/kg, but standardized value withheld because wet/dry basis is not safely exposed.",Reported,Patna-region pooled sediment,HOLD — mass basis unresolved
M0074-GITPREV,SA0074-F,BIO0074-ALL,Fish tissue pooled,GIT,Prevalence,MPs detected in GIT of approximately two-thirds of 62 fish,66.7,,,,,,% approx,Fish examined,Not Applicable,,No,,Reported approximate,Four species pooled,CMP-PREV
M0074-MUSPREV,SA0074-F,BIO0074-ALL,Fish tissue pooled,dorsal muscle,Prevalence,15% of fish contained MPs in muscle tissue,15,,,,,,%,Fish examined,Not Applicable,,No,,Reported,Four species pooled,CMP-PREV
M0074-JC-GIT,SA0074-F,BIO0074-ALL,Species/tissue maximum,Johnius coitor GIT,Concentration,Highest GIT concentration 19.04 items/g in Johnius coitor,19.04,,,,,,items/g,Tissue mass,Not Determinable,,No,,Reported,Species-level maximum,CMP-BIOTA-G — tissue mass basis detail pending
M0074-CC-MUS,SA0074-F,BIO0074-ALL,Species/tissue maximum,Cyprinus carpio dorsal muscle,Concentration,Highest muscle concentration 0.60 items/g in Common carp,0.6,,,,,,items/g,Tissue mass,Not Determinable,,No,,Reported,Species-level maximum,CMP-BIOTA-G — tissue mass basis detail pending
M0075-OCC,SA0075-GW,,Study,ST0075,Occurrence / temporal redistribution,Microplastics detected across 60 Chennai groundwater samples with significant post-cyclone shift in levels/distribution; numeric pre/post concentration table not safely promoted.,,,,,,,occurrence,Groundwater samples,Not Applicable,,No,,Reported qualitative,Pre/post Michaung comparison,Occurrence only pending numeric table
M0076-WR,SA0076-W,,Four-basin range,ST0076-water,Abundance range,10–157 MPs/L,,,,10,157,,MPs/L,Water volume,Not Applicable,,No,,Reported,Dal Lake basin/site range,CMP-W-VOL / protocol detail pending
M0076-SR,SA0076-S,,Four-basin range,ST0076-sediment,Abundance range,385–9178 MPs/kg dry weight,,,,385,9178,,MPs/kgDW,Dry sediment mass,Dry,,No,,Reported,Dal Lake basin/site range,CMP-SED-DW
M0076-FR,SA0076-F,BIO0076-01,Fish range,ST0076-fish,Abundance range,0–15 MPs/individual,,,,0,15,,MPs/individual,Fish individual,Not Applicable,,No,,Reported,Dal Lake carp range,CMP-BIOTA-I
M0021-W,SA0021-W,,Matrix pooled,ST0021-water,Mean abundance,48 ± 19 MP particles/L,48,19,,,,,MPs/L,Water volume,Not Applicable,,No,,Reported,Sal estuary water,CMP-W-VOL
M0021-S,SA0021-S,,Matrix pooled,ST0021-sediment,Mean abundance,3950 ± 930 MP particles/kg,3950,930,,,,,MPs/kg,Sediment mass,Not Determinable,,No,,Reported,Sal estuary sediment,HOLD — wet/dry basis unresolved
M0021-B,SA0021-B,,Biota pooled,ST0021-biota,Occurrence,MPs found in shellfish and finfish; smaller 10–300 µm MPs significant in biota,,,,,,,presence,Biota,Not Applicable,,No,,Reported,Seafood pooled,Occurrence only
M0022-FIB,SA0022-W,,Five-site study,ST0022,Fibre abundance range,Deep-coloured fibres observed at 0.80–6.99 items/m³,,,,0.8,6.99,,items/m3,Water volume,Not Applicable,,No,,Reported,Five sites / three months,CMP-W-NET
M0025-MEAN,SA0025-S,,Island pooled,ST0025,Mean abundance,97.18 ± 80.49 particles/kg,97.18,80.49,,,,,particles/kg,Sediment mass,Not Determinable,,No,,Reported,Saint Mary's Island beaches,HOLD — mass basis unresolved
M0046-MON,SA0046-W,,Season,monsoon,Mean abundance,0.423 particles/L during monsoon,0.423,,,,,,particles/L,Water volume,Not Applicable,,No,,Reported,Monsoon,CMP-W-VOL
M0046-POST,SA0046-W,,Season,post-monsoon,Mean abundance,0.117 particles/L during post-monsoon,0.117,,,,,,particles/L,Water volume,Not Applicable,,No,,Reported,Post-monsoon,CMP-W-VOL
M0057-MEAN,SA0057-S,,22-site pooled,ST0057,Mean abundance,440 ± 3.53 particles/kg wet sediments,440,3.53,,,,,particles/kg wet sediment,Wet sediment mass,Wet,,No,,Reported,22 sites,CMP-SED-WW
M0058-WL,SA0058-WL,,Lake water range,ST0058-lake-water,Abundance range,8.6–56.0 particles/L in lake surface water,,,,8.6,56,,particles/L,Water volume,Not Applicable,,No,,Reported,Lake sites,CMP-W-VOL
M0058-WH,SA0058-WH,,Hotspot water range,ST0058-hotspot-water,Abundance range,2.4–88.0 particles/L in hotspot sites,,,,2.4,88,,particles/L,Water volume,Not Applicable,,No,,Reported,Catchment hotspots,CMP-W-VOL
M0058-SL,SA0058-SL,,Lake sediment range,ST0058-lake-sediment,Abundance range,0.4–10.6 particles/g surface sediment,,,,0.4,10.6,,particles/g,Sediment mass,Not Determinable,,Yes arithmetic only if mass basis resolved,×1000 gives particles/kg but wet/dry basis is unresolved; standardized value withheld.,Reported,Lake sediment sites,HOLD — mass basis unresolved
M0058-SH,SA0058-SH,,Hotspot sediment pooled,ST0058-hotspot-sediment,Mean abundance,0.6 ± 0.5 particles/g hotspot sediment,0.6,0.5,,,,,particles/g,Sediment mass,Not Determinable,,Yes arithmetic only if mass basis resolved,×1000 gives particles/kg but wet/dry basis is unresolved; standardized value withheld.,Reported,Hotspot sediment sites,HOLD — mass basis unresolved
M0027-PRM,SA0027-PRM,,Season range,pre-monsoon,Abundance range,2.5–57.5 pieces/kg dry sediment; mean 14.82 ± 13.10 pieces/kg,14.82,13.1,,2.5,57.5,,pieces/kg dry,Dry sediment mass,Dry,,No,,Reported,14 stations,CMP-SED-DW
M0027-POM,SA0027-POM,,Season range,post-monsoon,Abundance range,0–15 pieces/kg dry sediment; mean 6.39 ± 5.17 pieces/kg,6.39,5.17,,0,15,,pieces/kg dry,Dry sediment mass,Dry,,No,,Reported,9 stations,CMP-SED-DW
M0029-W,SA0029-W,,Matrix pooled,ST0029-water,Mean abundance,118.5 ± 49.65 particles/1000 L,118.5,49.65,,,,,particles/1000 L,Water volume,Not Applicable,0.1185,Yes,Divide by 1000 to particles/L,Reported + IMED arithmetic standardization,Upper Ganga water,CMP-W-VOL
M0029-S,SA0029-S,,Matrix pooled,ST0029-sediment,Mean abundance,131.5 ± 53.60 particles/kg dry weight,131.5,53.6,,,,,particles/kg dry weight,Dry sediment mass,Dry,,No,,Reported,Upper Ganga sediment,CMP-SED-DW
M0029-F1,SA0029-F,,Species,Tor tor,Mean abundance,53.13 ± 63.77 particles/individual,53.13,63.77,,,,,particles/individual,Fish individual,Not Applicable,,No,,Reported,Species,CMP-BIOTA-I
M0029-F2,SA0029-F,,Species,Schizothorax richardsonii,Mean abundance,36.33 ± 22.34 particles/individual,36.33,22.34,,,,,particles/individual,Fish individual,Not Applicable,,No,,Reported,Species,CMP-BIOTA-I
M0029-F3,SA0029-F,,Species,Labeo dero,Mean abundance,15.42 ± 9.33 particles/individual,15.42,9.33,,,,,particles/individual,Fish individual,Not Applicable,,No,,Reported,Species,CMP-BIOTA-I
M0029-F4,SA0029-F,,Species,Garra gotyla gotyla,Mean abundance,12.63 ± 5.93 particles/individual,12.63,5.93,,,,,particles/individual,Fish individual,Not Applicable,,No,,Reported,Species,CMP-BIOTA-I
M0030-W,SA0030-W,,Matrix pooled,ST0030-water,Mean abundance,9.55 ± 4.87 items/L (n=9),9.55,4.87,,,,,items/L,Water volume,Not Applicable,,No,,Reported,9 water samples,CMP-W-VOL
M0030-S,SA0030-S,,Matrix pooled,ST0030-sediment,Mean abundance,270.88 ± 105.89 items/kg (n=9),270.88,105.89,,,,,items/kg,Sediment mass,Not Determinable,,No,,Reported,9 sediment samples,HOLD — wet/dry basis unresolved
M0037-OCC,SA0037-F,,Study,ST0037,Occurrence,Microplastics present in surface water and in GIT and gills of 12 commercially important fish species; no safe concentration exposed in accessible primary abstract.,,,,,,,presence,Water/biota,Not Applicable,,No,,Reported,Study,Occurrence only
M0040-ED,SA0040-F,,Tissue prevalence,edible tissue,Prevalence,68% of analyzed fish presented MPs in edible tissues,68,,,,,,% prevalence,Fish individuals,Not Applicable,,No,,Reported,400 fish,CMP-PREV
M0040-INED,SA0040-F,,Tissue prevalence,inedible tissue,Prevalence,100% MP occurrence in inedible tissues,100,,,,,,% prevalence,Fish individuals,Not Applicable,,No,,Reported,400 fish,CMP-PREV
M0060-OCC,SA0060-S,,Study,ST0060,Occurrence / characterization,Microplastics characterized across six tourist beach sediments; numerical abundance not safely exposed in accessible primary abstract.,,,,,,,presence,Sediment,Not Determinable,,No,,Reported,Six beaches,Occurrence only
M0023-SHARE,SA0023-S,,Beach share,Marina/Pattinapakkam,Relative distribution,MP share Marina 60.8%; Pattinapakkam 39.2%,,,,,,,% of study MPs,Study particles,Not Determinable,,No,,Reported,Two beaches,Occurrence/relative distribution only
M0044-R,SA0044-S,,Five-beach range,ST0044,Abundance range,Approximately 200–1150 numbers/kg beach sediment,,,,200,1150,,numbers/kg,Sediment mass,Not Determinable,,No,,Reported,Five beaches,HOLD — wet/dry basis unresolved
M0047-SW,SA0047-SW,,Season across six beaches,SW monsoon,Abundance range/mean,84–498 items/kg; mean 302.7 items/kg,302.7,,,84,498,,items/kg,Sediment mass,Not Determinable,,No,,Reported,Six Chennai beaches,HOLD — mass basis unresolved
M0047-NE,SA0047-NE,,Season across six beaches,NE monsoon,Abundance range/mean,76–720 items/kg; mean 247.4 items/kg,247.4,,,76,720,,items/kg,Sediment mass,Not Determinable,,No,,Reported,Six Chennai beaches,HOLD — mass basis unresolved
M0049-INF,SA0049-INF,,Treatment stage,influent,Mean concentration,1860 ± 265 MPs/L,1860,265,,,,,MPs/L,Wastewater volume,Not Applicable,,No,,Reported,Influent,CMP-WW
M0049-EFF,SA0049-EFF,,Treatment stage,effluent,Mean concentration,148 ± 51 MPs/L,148,51,,,,,MPs/L,Wastewater volume,Not Applicable,,No,,Reported,Effluent,CMP-WW
M0049-SLD,SA0049-SLD,,Treatment stage,sludge,Concentration,830 MPs/kg sewage sludge,830,,,,,,MPs/kg,Sludge mass,Not Determinable,,No,,Reported,Sludge,HOLD — sludge wet/dry basis unresolved
M0051-TOT,SA0051-F,,Study total,ST0051,Total particles,1115 microplastics detected in 220 fish belonging to 17 species,1115,,,,,,total particles,220 fish,Not Applicable,,No — do not convert total to mean without confirming study counting denominator/tissue pooling,,Reported,17 species / 220 fish,Total count only
M0053-W,SA0053-W,,21-location pooled,ST0053-water,Mean abundance,5.3 × 10^4 particles/km² surface water,53000,,,,,,particles/km2,Sampled sea-surface area,Not Applicable,,No,,Reported,21 locations,CMP-W-AREA
M0053-S,SA0053-S,,21-location pooled,ST0053-sediment,Mean abundance,209 ± 99 particles/kg dry weight,209,99,,,,,particles/kg dry weight,Dry sediment mass,Dry,,No,,Reported,21 locations,CMP-SED-DW
M0054-S,SA0054-S,,Study pooled,ST0054,Mean abundance,230.429 ± 62.87 particles/100 g,230.429,62.87,,,,,particles/100 g,Sediment mass,Not Determinable,,Yes arithmetic only if mass basis resolved,"×10 = 2304.29 particles/kg, but standardized value withheld because wet/dry basis is unresolved.",Reported,SGD + non-SGD beach sediments,HOLD — mass basis unresolved
M0055-W,SA0055-W,,39-lake study range,ST0055-water,Abundance range,16 ± 2.69 to 118.17 ± 22.17 items/L,,,,16,118.17,,items/L,Water volume,Not Applicable,,No,,Reported,"39 rural/urban lakes, two seasons",CMP-W-VOL
M0055-S,SA0055-S,,39-lake study range,ST0055-sediment,Abundance range,19.50 ± 4.75 to 156.23 ± 36.41 items/kg sediment,,,,19.5,156.23,,items/kg,Sediment mass,Not Determinable,,No,,Reported,"39 rural/urban lakes, two seasons",HOLD — mass basis unresolved
M0033-W,SA0033-W,,Study mean,ST0033-water,Mean abundance,22 items/L,22,,,,,,items/L,Water volume,Not Applicable,,No,,Reported,North Chennai water,CMP-W-VOL
M0033-S,SA0033-S,,Study mean,ST0033-sediment,Mean abundance,26 items/5 g,26,,,,,,items/5 g,5 g sediment,Not Determinable,,No — denominator mass basis unresolved,,Reported,North Chennai sediment,HOLD — preserve 5 g denominator
M0034-KR,SA0034-KR,,Water source,Kaveri River,Mean abundance,2.15 ± 1.9 MP/L,2.15,1.9,,,,,MP/L,Water volume,Not Applicable,,No,,Reported,Kaveri River,CMP-W-VOL
M0034-TR,SA0034-TR,,Water source,Thamirabarani River,Mean abundance,1.1 ± 0.99 MP/L,1.1,0.99,,,,,MP/L,Water volume,Not Applicable,,No,,Reported,Thamirabarani River,CMP-W-VOL
M0034-AR,SA0034-AR,,Water source,Adyar River,Mean abundance,5.25 ± 1.15 MP/L,5.25,1.15,,,,,MP/L,Water volume,Not Applicable,,No,,Reported,Adyar River,CMP-W-VOL
M0034-CR,SA0034-CR,,Water source,Cooum River,Mean abundance,4 ± 2.65 MP/L,4,2.65,,,,,MP/L,Water volume,Not Applicable,,No,,Reported,Cooum River,CMP-W-VOL
M0034-GW,SA0034-GW,,Water source,Groundwater,Mean abundance,1.75 ± 1.26 MP/L,1.75,1.26,,,,,MP/L,Water volume,Not Applicable,,No,,Reported,Groundwater,CMP-W-VOL
M0034-CSW,SA0034-CSW,,Water source,Community stored water,Mean abundance,2.33 ± 1.52 MP/L,2.33,1.52,,,,,MP/L,Water volume,Not Applicable,,No,,Reported,Community stored water,CMP-W-VOL
M0036-W,SA0036-W,,Study mean,ST0036-water,Mean abundance,2.75 ± 1.48/L,2.75,1.48,,,,,MPs/L,Water volume,Not Applicable,,No,,Reported,Ashtamudi water,CMP-W-VOL
M0036-S,SA0036-S,,Study mean,ST0036-sediment,Mean abundance,3 ± 1.69/kg,3,1.69,,,,,MPs/kg,Sediment mass,Not Determinable,,No,,Reported,Ashtamudi sediment,HOLD — wet/dry basis unresolved
M0036-F-TOTAL,SA0036-F,,Fish occurrence,ST0036-fish,Positive species/particle count,86 fish from 22 species examined; nine species (n=18 fish) contained 26 MPs,,,,,,,counts,Fish individuals/species,Not Applicable,,No,,Reported,Fish assemblage,Occurrence/count context
M0036-SH-CR,SA0036-SH,,Taxon group,crustaceans,Mean abundance,1 ± 0 MPs/individual in crustaceans,1,0,,,,,MPs/individual,Individual,Not Applicable,,No,,Reported,Crustaceans,CMP-BIOTA-I
M0036-SH-MO,SA0036-SH,,Taxon group,molluscs,Mean abundance,1.56 ± 9.05 MPs/individual in molluscs,1.56,9.05,,,,,MPs/individual,Individual,Not Applicable,,No,,Reported,Molluscs,CMP-BIOTA-I
M0039-W,SA0039-W,,Study mean,ST0039-water,Mean abundance,0.55 ± 0.06 particles/L,0.55,0.06,,,,,particles/L,Water volume,Not Applicable,,No,,Reported,6 water samples,CMP-W-VOL
M0039-S,SA0039-S,,Study mean,ST0039-sediment,Mean abundance,4.03 ± 0.41 particles/100 g,4.03,0.41,,,,,particles/100 g,Sediment mass,Not Determinable,,Yes arithmetic only if mass basis resolved,×10 to particles/kg possible arithmetically; standardized value withheld because wet/dry basis not established in accessible source.,Reported,6 sediment samples,HOLD — mass basis unresolved
M0039-F1,SA0039-F1,,Species,Puntius sophore,Mean abundance,3.83 ± 2.26 particles/individual,3.83,2.26,,,,,particles/individual,Fish individual,Not Applicable,,No,,Reported,Species,CMP-BIOTA-I
M0039-F2,SA0039-F2,,Species,Gudusia chapra,Mean abundance,6.5 ± 3.40 particles/individual,6.5,3.4,,,,,particles/individual,Fish individual,Not Applicable,,No,,Reported,Species,CMP-BIOTA-I
M0052-OCC,SA0052-B,,Study comparison,ST0052,Occurrence/relative abundance,"Microplastic abundance was higher in benthic species than pelagic species; fibres, 0.5–1 mm particles and blue particles showed similar occurrence patterns.",,,,,,,qualitative comparison,Biota,Not Applicable,,No,,Reported,Pelagic vs benthic species,Occurrence only
M0032-OCC,SA0032-W,,Study,ST0032,Occurrence/characterization,Microplastics quantified and characterized in coastal water and beach sediment across 17 Maharashtra stations; exact MP abundance not promoted from current accessible extract.,,,,,,,presence,Water/sediment,Not Applicable,,No,,Reported,17 stations,Occurrence only
M0035-OCC,SA0035-F,,Study,ST0035,Occurrence,"MPs assessed in water, sediment and fish; approximately every second fish sample contained MPs in gills or GIT.",,,,,,,occurrence statement,Water/sediment/fish,Not Applicable,,No,,Reported,Study,Occurrence only
M0042-AVG,SA0042-S,,Eight-station mean,ST0042,Mean abundance,414.35 ± 87.4 particles/kg beach sediment,414.35,87.4,,,,,particles/kg,Beach sediment mass,Not Determinable,,No,,Reported,Eight stations,HOLD — wet/dry basis unresolved
M0042-HI,SA0042-S,,Station,Kodiyaghat,Mean abundance,973.3 ± 76.59 particles/kg beach sediment,973.3,76.59,,,,,particles/kg,Beach sediment mass,Not Determinable,,No,,Reported,Kodiyaghat,HOLD — mass basis unresolved / coordinate not transcribed
M0042-LO,SA0042-S,,Station,Burmanullah,Mean abundance,161.7 ± 32.51 particles/kg beach sediment,161.7,32.51,,,,,particles/kg,Beach sediment mass,Not Determinable,,No,,Reported,Burmanullah,HOLD — mass basis unresolved / coordinate not transcribed
M0043-W,SA0043-W,,24-sample range,WAT,Abundance range,60–820 items/m3; SD 193.1,,193.1,,60,820,,items/m3,Water volume,Not Applicable,,Yes,÷1000 to items/L if needed; original retained,Reported,24 water samples,CMP-W-VOL
M0043-WET,SA0043-WET,,24-sample range,WET,Abundance range,60–1620 items/kg wet sediment; SD 396.6,,396.6,,60,1620,,items/kg,Wet sediment mass,Wet,,No,,Reported,24 wet sediment samples,CMP-SED-WW
M0043-DSS,SA0043-DSS,,24-sample range,DSS,Abundance range,20–1540 items/kg dry sand; SD 364.6,,364.6,,20,1540,,items/kg,Dry sand mass,Dry,,No,,Reported,24 dry sand samples,CMP-SED-DW
M0048-OCC,SA0048-S,,Study,ST0048,Occurrence/characterization,MPs studied in sediments at 12 beaches and marine biota at six beaches; 0.3–1 mm white PE particles dominate. Numerical abundance not safely exposed in accessible primary abstract.,,,,,,,presence,Sediment/biota,Not Determinable,,No,,Reported,Palk Bay/Gulf of Mannar,Occurrence only
M0024-R,SA0024-S,,20-beach range,ST0024,Mean abundance range across beaches,Mean abundance ranged from 1.4 to 26 MPs/kg,,,,1.4,26,,MPs/kg,Sediment mass,Not Determinable,,No,,Reported,20 beaches,HOLD — wet/dry basis unresolved
M0028-OCC,SA0028-S,,Study,ST0028,Occurrence / characterization,Microplastic distribution and features assessed in Nethravati estuary sediments; no defensible concentration promoted from indexed primary text in this pass.,,,,,,,presence,Sediment,Not Determinable,,No,,Reported,Estuary study,Occurrence only
M0041-HTL,SA0041-HTL,,Five-area range,HTL,Abundance range,119 ± 72 to 439 ± 172 items/kg sediment at HTL,,,,119,439,,items/kg,Sediment mass,Not Determinable,,No,,Reported,Five coastal areas,HOLD — mass basis unresolved
M0041-LTL,SA0041-LTL,,Five-area range,LTL,Abundance range,33 ± 30 to 179 ± 68 items/kg sediment at LTL,,,,33,179,,items/kg,Sediment mass,Not Determinable,,No,,Reported,Five coastal areas,HOLD — mass basis unresolved
M0045-GJ,SA0045-GJ,,State range,Gujarat,Abundance range,46–115 particles per 200 g salt,,,,46,115,,particles/200 g,Food mass,Not Applicable,,Yes arithmetic,"×5 would yield particles/kg, but original 200-g food denominator retained as primary reported unit.",Reported,5 powder + 3 crystal samples,CMP-FOOD
M0045-TN,SA0045-TN,,State range,Tamil Nadu,Abundance range,23–101 particles per 200 g salt,,,,23,101,,particles/200 g,Food mass,Not Applicable,,Yes arithmetic,"×5 would yield particles/kg, but original 200-g food denominator retained as primary reported unit.",Reported,5 powder + 3 crystal samples,CMP-FOOD
M0050-W,SA0050-W,,19-estuary seasonal range,ST0050-water,Abundance range,31.7 ± 3.8 to 154.7 ± 4.2 items/L in summer and monsoon,,,,31.7,154.7,,items/L,Water volume,Not Applicable,,No,,Reported,19 estuaries / two seasons,CMP-W-VOL
M0050-S,SA0050-S,,19-estuary seasonal range,ST0050-sediment,Abundance range,51.7 ± 3.6 to 171.4 ± 9.1 items/kg sediment,,,,51.7,171.4,,items/kg,Sediment mass,Not Determinable,,No,,Reported,19 estuaries / two seasons,HOLD — wet/dry basis unresolved
M0050-B,SA0050-B,,Biota pooled,ST0050-biota,Occurrence,"MP abundance assessed in finfish and shellfish and related to length, weight and environment; accessible abstract does not expose a single safe pooled abundance value.",,,,,,,presence / species-specific values not transcribed,Biota,Not Applicable,,No,,Reported,19-estuary biota,Occurrence only
M0056-INF-R,SA0056-INF,,Seven-STP range,influent,Concentration range,42 ± 10 to 150 ± 19 MPs/L influent,,,,42,150,,n/L,Wastewater volume,Not Applicable,,No,,Reported,Seven STPs,CMP-WW
M0056-INF-M,SA0056-INF,,Seven-STP pooled,influent mean,Mean concentration,Average influent 66 ± 11 MPs/L,66,11,,,,,n/L,Wastewater volume,Not Applicable,,No,,Reported,Seven STPs,CMP-WW
M0056-EFF-R,SA0056-EFF,,Seven-STP range,effluent,Concentration range,3 ± 1 to 22 ± 5 MPs/L effluent,,,,3,22,,n/L,Wastewater volume,Not Applicable,,No,,Reported,Seven STPs,CMP-WW
M0056-EFF-M,SA0056-EFF,,Seven-STP pooled,effluent mean,Mean concentration,Average effluent 9 ± 3 MPs/L,9,3,,,,,n/L,Wastewater volume,Not Applicable,,No,,Reported,Seven STPs,CMP-WW
M0056-SLD,SA0056-SLD,,Seven STPs,sludge,Occurrence / release pathway,MPs detected in sludge; accessible primary text reports release estimate but not a single safe sludge concentration for this extraction pass.,,,,,,,presence,Sludge,Not Determinable,,No,,Reported,Seven STPs,Occurrence only
M0026-S,SA0026-S,,14-site pooled,ST0026,Mean abundance,187.00 ± 103.00 to 699 ± 66.00 items/kg dry sediment; mean 386.07 ± 84.5 items/kg,386.07,84.5,,187,699,,items/kg,Sediment mass,Dry,,No,Already reported per kg dry weight,Reported,14 Kaveri River sites,CMP-SED-DW
M0031-W-OCC,SA0031-W,,Seven-beach study,water,Occurrence / characterization,Microplastic contamination assessed in marine water; safe quantitative abundance not exposed in accessible primary record.,,,,,,,presence,Marine water,Not Applicable,,No,,Reported,~1200 km eastern coast,Occurrence only
M0031-S-OCC,SA0031-S,,Seven-beach study,sand,Occurrence / characterization,Microplastic contamination assessed in beach sand; safe quantitative abundance not exposed in accessible primary record.,,,,,,,presence,Beach sand,Not Determinable,,No,,Reported,~1200 km eastern coast,Occurrence only
M0031-F-OCC,SA0031-F,,Seven-beach study,fish,Occurrence / characterization,Microplastic contamination assessed in fish; safe quantitative abundance not exposed in accessible primary record.,,,,,,,presence,Fish,Not Applicable,,No,,Reported,~1200 km eastern coast,Occurrence only
M0038-S-OCC,SA0038-S,,25-beach study,ST0038,Occurrence / quantification study design,MP concentration quantified across 25 Maharashtra beaches; safe numerical abundance not promoted from accessible primary publisher text.,,,,,,,presence / concentration values not transcribed,Beach sediment,Not Determinable,,No,,Reported,25 beaches,Occurrence only
M0059-S,SA0059-S,,Dal Lake pooled,ST0059,Abundance range and mean,"503–3154 MP/kg dry weight; average 1539 ± 633, n=30",1539,633,,503,3154,,MP/kg dry weight,Dry sediment mass,Dry,,No,,Reported,Gagribal + Nigeen shoreline sediments,CMP-SED-DW
M0059-SPR,SA0059-S,,Season,Spring,Seasonal abundance range,Spring 467–3445 MP/kg,,,,467,3445,,MP/kg,Dry sediment mass,Dry,,No,,Reported,Spring samples,CMP-SED-DW
M0006-04,SA0006-BEACH-COUNT,,Study,ST0006,Number abundance,2–178 particles/m²; mean 46.6 ± 37.2 particles/m²,46.6,37.2,,2,178,,particles/m²,Area,,,No,Source-reported area-normalized count abundance,Reported,Tamil Nadu coast pooled,CMP-AREA
