QAQC_ID,Study_ID,Sample_ID,Procedural_Blank,Field_Blank,Airborne_Control,Blank_N,Blank_Particles_Detected,Blank_Correction,Filtered_Reagents,Clean_Glassware,Nonplastic_Labware,Sample_Covered,Cotton_Labcoat,Recovery_Test,Chemical_Confirmation,Positive_Control,Notes
QA0003,ST0003,,Not Reported,Not Reported,Not Reported,,,,Not Reported,Not Reported,Not Reported,Not Reported,Not Reported,Not Reported,ATR-FTIR,Not Reported,
QA0006,ST0006,,Yes,Not Reported,Yes,,,,Yes,Yes,Yes,Yes,Yes,Not Reported,FTIR,Not Reported,Positive-pressure hood and procedural blank reported
QA0009,ST0009,,Yes,Not Reported,Yes,,3 white fibres,Similar fibres excluded,Yes,Yes,Yes,Yes,Yes,Not Reported,FTIR,Not Reported,Detailed airborne/batch/KOH blank controls
QA0013,ST0013,,Yes,Not Reported,Not Reported,,Not Reported,Average blank MP count subtracted,Yes,Yes,Yes,Yes,Yes,Not Reported,Nile Red + FTIR,Not Reported,Exact blank count/composition not reported
QA0019,ST0019,,Not Reported,Not Reported,Not Reported,,,,Not Reported,Yes,Yes,Yes,Yes,Not Reported,micro-Raman,Certified PET/PS/PP sheets,Instrument calibration and contamination prevention reported
QA0015,ST0015,,Yes,Not Reported,Blank throughout experimental period,,No detectable MP contamination,Not Applicable / none detected,Yes,Yes,Yes,Yes,Not Reported,Not Reported,FTIR,Not Reported,Work area wiped with ethanol; closed environment; non-latex nitrile gloves; double filtration blank procedure.
QA0016,ST0016,,Yes,Not Reported,Windows/ventilators closed,,None detected,Not Applicable / none detected,Yes (NaCl blank filtered/analyzed),Yes,Yes,Yes,Yes,Not Reported,Raman subset 35; 32 identified,Not Reported,Lab cleaned with acetone; apparatus covered with aluminum foil.
QA0017,ST0017,,Yes,Not Reported,Procedural contamination largely airborne,,"Reported, exact count not stated in extracted main text",Yes; sample values corrected,Yes,Yes,Yes,Yes,Yes,Not Reported,Representative µ-FTIR + random validation,Not Reported,No plasticware; nitrile gloves.
QA0018,ST0018,,Yes,Not Reported,Not separately reported,,Not Reported,Not Reported,Yes,Yes,Yes,Yes,Not Reported,Not Reported,ATR-FTIR visible subset,Not Reported,Work area cleaned; glassware rinsed with filtered distilled water; containers protected with foil; plastic materials avoided.
QA0020,ST0020,,Yes / procedural areas with DI water,Not Reported,Not clearly separated,,Not Reported,Not Reported,Not Determinable,Yes,Yes,Yes,Yes,Not Reported,Micro-Raman,Not Reported,DI-water procedural controls 3.6–3.8 L near each sample batch; contamination regularly checked microscopically.
QA0001,ST0001,,Not Reported,Not Reported,Not Reported,,,,Not Reported,Not Reported,Not Reported,Not Reported,Not Reported,Not Reported,micro-Raman,Not Reported,Conference proceedings does not provide QA/QC detail.
QA0002,ST0002,,Yes,Not Reported,Clean fume hood,,None detected,No correction required,Double-distilled water,Yes,Yes,Yes,Not Reported,Not Reported,micro-Raman,Not Reported,Glassware rinsed; lab blanks negative; samples/filters protected with aluminium foil.
QA0004,ST0004,,Supplementary Material,Not Reported,Not Reported,,,,Milli-Q rinse reported,Yes,Yes,Not Reported,Not Reported,Not Reported,ATR-FTIR,Not Reported,Main paper states detailed QA/QC is in Supplementary Material; do not infer missing details.
QA0005,ST0005,,Not Reported,Not Reported,Not Reported,,,,Not Reported,Pre-cleaned sieves,Yes,Not Reported,Not Reported,Not Reported,ATR-FTIR,Not Reported,Main paper occurrence methods emphasize pre-cleaned stainless-steel sieves; explicit blank protocol not located in main text.
QA0007,ST0007,,Yes,Not Reported,Enclosed environment,3,Not Reported,,Prefiltered NaCl; distilled water rinse,Yes,Yes,Not Reported,Yes,Not Reported,Raman,Not Reported,Three procedural blanks; cotton attire; glassware rinsed; analysis in enclosed environment.
QA0008,ST0008,,Not Reported,Not Reported,Airborne textile fibers excluded,,,,Deionized water,Yes,Yes,Yes,Yes,Not Reported,Raman (fish),Not Reported,Masura contamination protocol; Extran/deionized water; cotton lab coat; nitrile gloves; foil covers.
QA0010,ST0010,,Yes,Not Reported,Air blank experiments,,Background measured,Blank value subtracted,Ultrapure water,Yes,Yes,Yes,Yes,Not Reported,ATR-FTIR,Not Reported,Polymer-free cotton clothing; windows closed; movement minimized; glass Petri dishes.
QA0011,ST0011,,Yes,Not Reported,Atmospheric blanks,,Background measured,Blank values subtracted,Double-distilled water,Yes,Yes,Yes,Yes,Not Reported,Raman,Not Reported,Acid-washed glassware; foil covers; cotton coats; nitrile gloves.
QA0012,ST0012,,Yes,Yes,Airborne/contact controls,8,,,Distilled water,Yes,Yes,Yes,Yes,Yes — 98.08% recovery,ATR-FTIR,Spiked recovery samples,"Recovery: 65 particles/sample in 4 soil samples (2 Goa, 2 Udupi)."
QA0014,ST0014,,Yes — n=9,Not Reported,Procedural/reagent controls,9,0–6 particles,Source reports contamination in blanks; exact correction procedure not stated in extracted main text,Triple-distilled water,Yes,Yes,Yes,Cotton clothing,Not Reported,Raman,Reagent blanks n=6,Materials rinsed and baked 300°C; glass-fiber filters dried 250°C; blank MPs 3–4 mm.
QA0072,ST0072,,Not Reported,Not Reported,Not Reported,,,,Not Reported,Not Reported,Yes,Yes,Not Reported,Not Reported,FTIR,Not Reported,"Precautionary measures, hygienic extraction atmosphere and sample covering reported; blanks/recovery not reported."
QA0077,ST0077,SA0077-WAT,Not Reported,Not Reported,Yes,,,,Not Reported,Yes,Yes,Yes,Yes,Not Reported,FTIR representative subset n=154,Not Reported,"Cotton lab coats, nitrile gloves, doors/windows closed, glass/metal apparatus, triple Milli-Q rinsing and foil covers; no blank experiment reported in main text."
QA0080,ST0080,,Yes,Not Reported,Yes,,,Yes,Yes,Yes,Yes,Yes,Yes,Not Reported,FTIR representative particles,Not Reported,Procedural blanks maintained and average blank count subtracted in MPcorrected formula; plastic apparatus avoided; apparatus cleaned with water/ethanol; aluminium foil; laminar flow; reagents prefiltered/stored in covered glass; cotton lab coat.
QA0081,ST0081,,Yes,Not Reported,Yes,,Average 2 microplastic fibres,Subtracted from field sample values,Yes,Yes,Yes,Not Reported,Yes,Not Reported,Micro-Raman,Not Reported,Closed small lab enclosure; cotton apron; ultra-pure filtered distilled water.
QA0082,ST0082,,Yes,Not Reported,Yes,,Average 4 microplastic fibres,Background blank correction described,Yes,Yes,Yes,Yes,Yes,Not Reported,Laser Raman,Not Reported,Procedural blanks used for background contamination.
QA0083,ST0083,,Yes,Not Reported,Yes,25,,Corrections applied,Yes,Yes,Yes,Yes,Yes,Not Reported,µ-FTIR,Not Reported,25 procedural blanks; 70 FTIR laboratory blanks (one per fifth polymer analyzed).
QA0085,ST0085,,Yes,Not Reported,Yes,45,,Blank contamination subtracted,Yes,Yes,Yes,Yes,Yes,Not Reported,µ-FTIR,Not Reported,45 procedural blanks; 60 FTIR laboratory blanks; experimental unsalted blanks also reported.
QA0086,ST0086,,Yes,Not Reported,Yes,96,,Subtracted from environmental samples,Yes,Yes,Yes,Not Reported,Yes,Not Reported,µ-FTIR,Not Reported,Laminar flow hood; cotton coats; all-glass filtration; 74 FTIR laboratory blanks.
QA0087,ST0087,,Yes,Not Reported,Yes,2 per batch of 30,Mean 1.5 MPs/blank,Subtracted from samples,Yes,Yes,Yes,Yes,Yes,Not Reported,Nile Red + µ-FTIR,Not Reported,Laminar flow hood; cotton coats; triple-filtered reagents; instrument blanks; one FTIR blank per 10 scans.
QA0089-01,ST0089,SA0089-ALL,Yes,Not Reported,Not Reported,,0 MPs detected,No correction needed; blanks had zero MPs,Yes — chemical solutions filtered twice,"Yes — precleaned/chromic acid, filtered double-distilled water",Not explicitly reported,Yes — aluminium foil,Yes — 100% cotton/linen,Not Reported,Yes — ATR-FTIR,Not Reported,Procedural control used filtered double-distilled water through identical procedure; FTIR spectra checked against certified polymer references; instruments regularly calibrated.
QA0091-01,ST0091,SA0091-SED,Not Reported,Not Reported,Not Reported,,Not Reported,Not Reported,Not Reported,Not Reported,Not Reported,Not Reported,Not Reported,Not Reported,Not Reported,Not Reported,QA/QC details not safely exposed in accessible publisher text; retained as NR rather than inferred.
QA0093-01,ST0093,SA0093-SP,Yes — n=3 per batch,Not Reported,Yes — samples/settling vessels covered with aluminium foil,3,Mean 2.1 ± 0.8 MPs per batch,Mean blank count subtracted batch-wise from each field replicate,Distilled water used; specific reagent prefiltration not stated,Not Reported,Not Reported,Yes — aluminium foil,Not Reported,Not Reported,Yes — FTIR,Not Reported,"Full paper reports three blank controls per batch; mean 2.1 ± 0.8 particles, predominantly fibres, subtracted from corresponding field samples. Samples stored in foil inside zip-lock bag; settling opening covered with foil."
QA0090-01,ST0090,SA0090-01,Not Reported,Not Reported,Not Reported,,Not Reported,Not Reported,Not Reported,Not Reported,Not Reported,Not Reported,Not Reported,Not Reported,No,Not Reported,Accessible primary record explicitly states polymer confirmation by FTIR or Raman was not performed. Other QA/QC details not safely available.
QA0096-01,ST0096,SA0096-ES,Not Reported,Not Reported,Not Reported,,Not Reported,Not Reported,Not Reported,Not Reported,Not Reported,Not Reported,Not Reported,Not Reported,Yes — Raman spectroscopy,Not Reported,Raman polymer identification is explicit; blank/recovery/contamination-control details are not safely exposed in accessible primary text.
QA0092-01,ST0092,SA0092-W,Not Reported,Not Reported,Not Reported,,Not Reported,Not Reported,Not Reported,Not Reported,Not Reported,Not Reported,Not Reported,Not Reported,Yes — FTIR,Not Reported,Chemical identification explicit; blank/recovery details not safely exposed in accessible primary text.
QA0097-01,ST0097,SA0097-ALL,Yes — three procedural blanks,Not Reported,Not Reported,3,0 MPs detected,No correction needed; blanks negative,Yes — chemicals and DI water pre-filtered through 11 µm filter paper,Yes — glassware rinsed with filtered DI water,Not Reported,Yes — conical flasks covered with aluminium foil,Yes — cotton laboratory coats; nitrile gloves,Not Reported,Yes — ATR-FTIR (Agilent Cary 630),Not Reported,Full-paper QA/QC: workspace cleaning; prefiltered chemicals/DI water (11 µm); rinsed glassware; cotton coats/nitrile gloves; foil covering; three procedural blanks processed identically; no MPs detected.
QA0088-01,ST0088,SA0088-W,Not Reported in safely extracted text,Not Reported,,,,,,,,,,Not Reported,Yes — polymer types reported,,Detailed identification instrument/QAQC retained pending fuller method extraction.
QA0098-01,ST0098,SA0098-S,,,Yes — HEPA-filter clean cabinet,,,,Yes — NaBr solution prefiltered through 0.8 µm membrane,,Yes — glass and metal containers/equipment,,,Not Reported,Yes — micro-FTIR,,Nitrile gloves used; clean filter membranes placed in controlled environment. Full blank counts not promoted unless explicitly recovered.
QA0094-01,ST0094,SA0094-S,Not Reported in accessible abstract,Not Reported,,,,,,,,,,Not Reported,Yes — Raman spectroscopy,,NaCl density separation noted by publisher highlight as potentially biased toward low-density polymers.
QA0095-01,ST0095,SA0095-FE,Not Reported in accessible text,Not Reported,,,,,,,,,,Not Reported,Yes — FTIR,,Full contamination-control protocol not promoted from accessible text.
QA0061-01,ST0061,SA0061-ALL,Not Reported,Not Reported,,,,,,,,,,Not Reported,Yes — Raman spectroscopy,,Accessible primary abstract does not expose blank/recovery details.
QA0062-01,ST0062,SA0062-01,Not Reported,Not Reported,Laminar-workspace contamination prevention described,,,,,Yes,Glassware used in laboratory,Net packed after sampling to prevent secondary contamination,,Not Reported,Yes — FTIR + Raman + GC-MS,Virgin plastic reference beads/spectra,Study used virgin plastic reference spectra; no procedural blank/recovery experiment reported in exposed full text.
QA0078-01,ST0078,SA0078-L1,Not Reported,Not Reported,,,,,,Not Determinable,10 L stainless-steel sampling bucket; PET bottles used for physicochemical subsamples,Particles air-dried loosely covered with aluminium foil,,Not Reported,Yes — FTIR,,Full text describes contamination-minimizing rinsing/autoclaving procedures but no blank/recovery values identified in extracted text.
QA0079-01,ST0079,SA0079-ALL,Not Reported in currently extracted publisher text,Not Applicable / retail product study,,,,,,,,,,Not Reported in currently extracted publisher text,Yes — micro-Raman spectroscopy,,"Open-access primary text confirms complementary fluorescence, FESEM–EDX and micro-Raman framework; detailed blank/recovery fields left NR unless explicitly exposed."
QA0066-01,ST0066,SA0066-GW,Not Reported in exposed publisher text,Not Reported,,,,,,,,,,Not Reported,Not Determinable from abstract,,"Fluorescence microscopy explicit; polymer identities reported, but chemical identification method not safely exposed in abstract."
QA0068-01,ST0068,SA0068-GW,Not Reported in accessible abstract,Not Reported,,,,,,,,,,Not Reported,Not Determinable from accessible abstract,,Do not infer methods from polymer result.
QA0069-01,ST0069,SA0069-S1,Not Reported in extracted passages,Not Reported,,,,,,,,,,Not Reported,Yes — ATR-FTIR,,ATR background scan performed; crystal cleaned with 70% 2-propanol; >80% similarity threshold. These instrument controls are not equivalent to procedural blanks/recovery.
QA0070-01,ST0070,SA0070-WAT,Not Reported in accessible abstract,Not Reported,,,,,,,,,,Not Reported,Not Determinable from accessible abstract,,Polymer types reported but identification instrument not promoted without full text.
QA0071-01,ST0071,SA0071-WAT,Not Reported in accessible abstract,Not Reported,,,,,,,,,,Not Reported,Not Determinable from accessible abstract,,Cellulosic material constitutes 70%; synthetic-polymer subset should not be conflated with total item concentration.
QA0063-01,ST0063,SA0063-W,Not Reported in accessible primary record,Not Reported,,,,,,,,,,Not Reported,Yes — FTIR,,Detailed contamination-control and recovery fields pending full methods/table extraction.
QA0064-01,ST0064,SA0064-S,Not Reported in accessible primary abstract,Not Reported,,,,,,,,,,Not Reported,Yes — ATR-FTIR + micro-Raman,,Do not infer blank/recovery controls.
QA0065-01,ST0065,SA0065-W,Not Reported in accessible primary record,Not Reported,,,,,,,,,,Not Reported,Yes — micro-Raman,,Detailed QA/QC pending full methods extraction.
QA0067-01,ST0067,SA0067-S,Not Reported in accessible primary record,Not Reported,,,,,,,,,,Not Reported,Not Determinable from accessible primary record,,No chemical-identification method promoted without explicit source support.
QA0074-01,ST0074,SA0074-F,Not Reported in safely exposed primary text,Not Reported,,,,,,,,,,Not Reported,Yes — Raman spectroscopy,,Full QA/QC requires article methods/table extraction.
QA0075-01,ST0075,SA0075-GW,Not transcribed,Not transcribed,,,,,,,,,,Not transcribed,Not Determinable in current pass,,Publisher full text/supporting Data S1 exists; fields intentionally left unresolved until direct method extraction.
QA0076-01,ST0076,SA0076-W,Not Reported in safely exposed primary abstract,Not Reported,,,,,,,,,,Not Reported,Yes — Raman spectroscopy,,Fluorescence microscopy + Raman confirmed; detailed contamination controls pending full methods extraction.
QA0021-01,ST0021,SA0021-W,Not Reported in accessible primary record,Not Reported,,,,,,,,,,Not Reported,Yes — polymers chemically characterized in study,,Detailed QA/QC fields require full methods.
QA0022-01,ST0022,SA0022-W,Not Reported in exposed primary text,Not Reported,,,,,,,,,,Not Reported,Yes — micro-Raman on 10% random fibre subset,,Confirmation fraction explicitly retained.
QA0025-01,ST0025,SA0025-S,Not Reported,Not Reported,,,,,,,,,,Not Reported,Yes — ATR-FTIR,,"SEM-EDS is surface elemental characterization, not polymer confirmation."
QA0046-01,ST0046,SA0046-W,Not Reported in accessible abstract,Not Reported,,,,,,,,,,Not Reported,Yes — PET polymer composition reported,,Detailed confirmation fraction/method QAQC pending full methods.
QA0057-01,ST0057,SA0057-S,Not Reported in accessible primary abstract,Not Reported,,,,,,,,,,Not Reported,Yes — Raman spectroscopy,,No blank/recovery values inferred.
QA0058-01,ST0058,SA0058-WL,Not Reported in accessible primary abstract,Not Reported,,,,,,,,,,Not Reported,Chemical characterization reported using SEM-EDX,,SEM-EDX polymer attribution retained as authors' chemical characterization; not upgraded to vibrational-spectroscopy evidence.
QA0027-01,ST0027,SA0027-PRM,Yes — two double-distilled-water blanks,No field blanks collected,Fume hood/laminar flow; minimal outside air; vessels covered,,,,,Yes,Glass and steel only; no plastic equipment,Aluminium foil/watch glasses,,Not Reported,Yes — ATR-FTIR subset,,Two procedural blanks contained four 0.3–1 mm fibres; these were corrected from raw data. Solutions pre-filtered; sieves pre-examined.
QA0029-01,ST0029,SA0029-W,Not Reported in accessible primary abstract,Not Reported,,,,,,,,,,Not Reported,Yes — FTIR,,Detailed QA/QC not promoted beyond primary abstract.
QA0030-01,ST0030,SA0030-W,Not Reported in accessible primary record,Not Reported,,,,,,,,,,Not Reported,Yes — ATR-FTIR,,Detailed contamination controls not safely exposed.
QA0037-01,ST0037,SA0037-W,Not Reported in accessible primary abstract,Not Reported,,,,,,,,,,Not Reported,Yes — polymer analysis reported,,Exact spectroscopy method/confirmation fraction not promoted without full methods.
QA0040-01,ST0040,SA0040-F,Not Reported in accessible primary abstract,Not Applicable / fish study,,,,,,,,,,Not Reported,Yes — polymer identities reported,,Method detail not upgraded beyond accessible primary abstract.
QA0060-01,ST0060,SA0060-S,Not Reported in accessible primary abstract,Not Reported,,,,,,,,,,Not Reported,Polymer characterization reported,,No unsupported QA/QC fields inferred.
QA0023-01,ST0023,SA0023-S,Not Reported in accessible primary abstract,Not Reported,,,,,,,,,,Not Reported,Polymer characterization reported,,No QA/QC controls inferred.
QA0044-01,ST0044,SA0044-S,Not Reported in accessible primary abstract,Not Reported,,,,,,,,,,Not Reported,Yes — polymer identities reported,,EDX metal analysis kept distinct from polymer identification.
QA0047-01,ST0047,SA0047-SW,Not transcribed in this pass,Not transcribed,,,,,,,,,,Not transcribed,Yes — polymer composition reported,,Open full article exists; detailed QA/QC can be deepened later. Current promotion does not infer missing controls.
QA0049-01,ST0049,SA0049-INF,Not Reported in accessible primary abstract,Not Reported,,,,,,,,,,Not Reported,Yes — FTIR,,Stage-specific occurrence is quantitative; detailed blank/recovery values not inferred.
QA0051-01,ST0051,SA0051-F,Not Reported in accessible primary abstract,Not Applicable / fish study,,,,,,,,,,Not Reported,Polyethylene reported as most abundant polymer,,Exact spectroscopy/confirmation fraction not promoted without full methods.
QA0053-01,ST0053,SA0053-W,Not Reported in accessible primary abstract,Not Reported,,,,,,,,,,Not Reported,Yes — Raman + micro-FTIR,,Strong chemical-identification methods; blank/recovery details require full methods.
QA0054-01,ST0054,SA0054-S,Not Reported in accessible primary abstract,Not Reported,,,,,,,,,,Not Reported,Polymer types reported,,Exact confirmation method/fraction not promoted.
QA0055-01,ST0055,SA0055-W,Not Reported in accessible primary abstract,Not Reported,,,,,,,,,,Not Reported,PE and seasonal polymer composition reported,,Exact analytical protocol/confirmation fraction pending full text.
QA0033-01,ST0033,SA0033-W,Not Reported in accessible primary abstract,Not Reported,,,,,,,,,,Not Reported,Polymer composition reported,,No blank/recovery controls inferred.
QA0034-01,ST0034,SA0034-KR,Not Reported in accessible primary abstract,Not Reported,,,,,,,,,,Not Reported,Yes — µFTIR + µRaman,,Matrix-specific concentrations supported; detailed contamination controls require full methods.
QA0036-01,ST0036,SA0036-W,Full-text QA/QC not fully transcribed in this pass,Not Determinable,,,,,,,,,,Not Determinable,Yes — FTIR/Raman,,Full text supports chemical identification; do not infer blank/recovery values until targeted QA/QC transcription.
QA0039-01,ST0039,SA0039-W,Not safely established in current extraction,Not safely established,,,,,,,,,,Not Reported in accessible abstract,Yes — micro-Raman,,Full-text accessible for later detailed QA/QC audit.
QA0052-01,ST0052,SA0052-B,Not Reported in accessible primary abstract,Not Applicable / biota,,,,,,,,,,Not Reported,Not safely promoted from accessible abstract,,Occurrence-only record.
QA0032-01,ST0032,SA0032-W,Not transcribed in this pass,Not transcribed,,,,,,,,,,Not transcribed,Polymer composition reported,,No QA/QC details inferred from incomplete extract.
QA0035-01,ST0035,SA0035-W,Not Reported in accessible primary abstract,Not Reported,,,,,,,,,,Not Reported,PP and PE reported as dominant,,Detailed QA/QC pending full text.
QA0042-01,ST0042,SA0042-S,Not Reported in accessible primary abstract,Not Reported,,,,,,,,,,Not Reported,Yes — Raman spectroscopy,,No unsupported blank/recovery values inferred.
QA0043-01,ST0043,SA0043-W,Not Reported in accessible primary abstract,Not Reported,,,,,,,,,,Not Reported,"Yes — FTIR, supported by SEM-EDS",,Chemical confirmation present; detailed contamination controls not promoted.
QA0048-01,ST0048,SA0048-S,Not Reported in accessible primary abstract,Not Reported,,,,,,,,,,Not Reported,PE dominance reported,,Detailed QA/QC pending full text.
QA0024-01,ST0024,SA0024-S,Not Reported in accessible primary abstract,Not Reported,,,,,,,,,,Not Reported,"Yes — PP, PE and PS chemically identified",,Detailed QA/QC pending full methods.
QA0028-01,ST0028,SA0028-S,Not transcribed,Not transcribed,,,,,,,,,,Not transcribed,FTIR reported,,Do not infer unexposed QA/QC.
QA0041-01,ST0041,SA0041-HTL,Not Reported in accessible primary abstract,Not Reported,,,,,,,,,,Not Reported,Yes — FTIR-ATR,,"SEM-EDAX supports weathering/adhering chemicals, not polymer confirmation by itself."
QA0045-01,ST0045,SA0045-GJ,Yes,Not Reported,Airborne contamination controlled,,0 / negative blank,No correction indicated; negative procedural blank,Not Reported,Yes — precleaned glassware,Not Reported,Laminar-flow bench,Yes — cotton lab coats,Not Reported,Yes — micro-FTIR,Not Reported,"Full paper reports procedural blank, precleaned glassware, laminar-flow bench, cotton lab coats and negative blank results."
QA0050-01,ST0050,SA0050-W,Not Reported in accessible primary abstract,Not Reported,,,,,,,,,,Not Reported,Yes — FTIR,,SEM-EDX also used; detailed contamination controls pending full methods.
QA0056-01,ST0056,SA0056-INF,Not Reported in accessible primary abstract,Not Reported,,,,,,,,,,Not Reported,"PP, PE and PS characterized",,Detailed analytical QA/QC requires full methods/table extraction.
QA0026-01,ST0026,SA0026-S,Yes,Not Reported,,,0 MPs detected,No correction needed; blank contained no MPs,Yes — DW/H2O2 prefiltered,Yes — vessels rinsed,Not Reported,Not Reported,Not Reported,Not Reported,Yes — FTIR,Not Reported,Full paper reports blank experiments with no MPs detected; distilled water and H2O2 prefiltered and vessels rinsed. External review also confirmed 1 kg fresh sediment was dried at 65°C to constant weight and abundance reported per kg dry weight.
QA0031-01,ST0031,SA0031-W,Not Reported in accessible primary abstract,Not Reported,,,,,,,,,,Not Reported,PE/PS polymer identity reported; exact method/fraction pending full text,,No unexposed QA/QC inferred.
QA0038-01,ST0038,SA0038-S,Not exposed in accessible publisher abstract,Not exposed,,,,,,,,,,Not exposed,Chemical composition assessed according to publisher record; exact method/fraction not promoted,,Sampling design is verified; quantitative abundance withheld.
QA0059-01,ST0059,SA0059-S,Yes,Not Reported,Contamination-prevention controls,,Not Reported,Not Reported,Not Reported,Yes — equipment/glassware cleaned with distilled water,Yes — plastic tools avoided,Yes — samples foil-wrapped,Yes — cotton lab coats,Not Reported,Yes — FTIR; TGA additionally used,Not Reported,Methods §2.5 reports procedural blanks; distilled-water cleaning; avoidance of plastic tools; cotton coats/nitrile gloves; foil wrapping. Blank particle count/correction not explicitly stated in reviewed source.
,,,,,,,,,,,,,,,,,
QA0084-HOLD,ST0084,,Not Determinable from image-only source,Not Determinable from image-only source,Not Determinable from image-only source,,,,,,,,,Not Determinable from image-only source,Not Determinable from image-only source,Not Determinable from image-only source,Explicit HOLD record. No QA/QC control is inferred as absent or present because the available PDF is image-only and was not defensibly extractable.
