Provenance_ID,Study_ID,Target_Table,Target_Record_ID,Field_Name,Reported_Value,Source_Type,Page_or_Section,Table,Figure,Supplement,Source_Text_Context,Extraction_Status
PR0003-1,ST0003,MEASUREMENTS,M0003-01,Reported_Value_Text,5.9 particles/L,Main article,Results — abundance and spatial variability,,,,Primary PDF,Verified
PR0003-2,ST0003,SOURCE_DISCREPANCIES,DISC0003-1,Value_B,5.9 n/m3,Main article,Later results text,,,,Primary PDF,Verified
PR0006-1,ST0006,MEASUREMENTS,M0006-03,Reported_Value_Text,10.1%; 7 fish had 8 particles,Main article,Abstract/results/conclusion,,,,Primary PDF,Verified
PR0009-1,ST0009,SITES,SI0009-01,Latitude/Longitude,"9.9836 N, 76.2423 E",Main article,Materials and methods — sample collection,,,,Primary PDF,Verified
PR0013-1,ST0013,MEASUREMENTS,M0013-01:M0013-03,Mean/SD,122.25±76.96; 387.67±89.23; 251.86±108.99,Main article,Results,,,,Primary PDF,Verified
PR0019-1,ST0019,SITES,SI0019-01,Latitude/Longitude,"28.650764, 77.082292",Main article,Materials and methods — sampling site,,,,Primary PDF,Verified
PR0019-2,ST0019,MEASUREMENTS,M0019-01:M0019-03,Reported_Value_Text,7 MPs/L; 4 MPs/L; 993 MPs/kg dry weight,Main article,Results — abundance of MPs,,,,Primary PDF,Verified
PR0015-1,ST0015,MEASUREMENTS,M0015-01,Reported_Value_Text,MPs found at all street-dust sites; numeric data in Supplementary File 2,Main article,Results — Presence of microplastics,,,,Primary PDF,Verified
PR0016-1,ST0016,MEASUREMENTS,M0016-17,Reported_Value_Text,227.94 ± 89.82 particles/100 g,Main article,Results and discussion,Table 1,,,Primary PDF,Verified
PR0017-1,ST0017,MEASUREMENTS,M0017-03,Reported_Value_Text,63.76 µg kg−1 salt,Main article,Results,Table 2,,,Primary PDF,Verified
PR0018-1,ST0018,MEASUREMENTS,M0018-01,Reported_Value_Text,142 ± 99 MPs/L,Main article,Results — Abundance of microplastics,,Figure 1,,Primary PDF,Verified
PR0020-1,ST0020,MEASUREMENTS,M0020-01I,Reported_Value_Text,Kosli influent 1.44 items/L,Main article,Results and discussion,Table 2,,,Primary PDF,Verified
PR0020-2,ST0020,SOURCE_DISCREPANCIES,DISC0020-1,Size-class units,Table 6 µm vs narrative mm,Main article,Results,Table 6,,,Primary PDF,Verified
PR0001-1,ST0001,MEASUREMENTS,M0001-01,Reported_Value_Text,"23,800–244,000 particles/km²; mean 60,650 particles/km²",Conference proceedings,Vembanad Lake results,,,,Primary proceedings PDF,Verified
PR0002-1,ST0002,MEASUREMENTS,M0002-11,Reported_Value_Text,96–496 particles/m²; mean 252.80 ± 25.76 particles/m²,Main article,Abstract / Results,Table 1,,,Primary PDF,Verified
PR0002-2,ST0002,SITES,SI0002-01 to SI0002-10,Latitude/Longitude,Ten DMS coordinate pairs,Main article,Results,Table 1,,,Primary PDF,Verified
PR0004-1,ST0004,MEASUREMENTS,M0004-01 to M0004-04,Reported_Value_Text,Sediment and water number/mass abundance ranges and means,Main article,Results,Figure 2,,,Primary PDF,Verified
PR0005-1,ST0005,MEASUREMENTS,M0005-01 to M0005-10,Reported_Value_Text,Beach-level microplastic abundance (items/m²),Main article,Results,Table 1,,,Primary PDF,Verified
PR0007-1,ST0007,MEASUREMENTS,M0007-J19; M0007-JAN20; M0007-J20,Reported_Value_Text,9±4.3; 19±12.9; 10±4.5 particles/50 g d.w.,Main article,Abstract / Results,Table 3,,,Primary PDF,Verified
PR0007-2,ST0007,SITES,SI0007-01 to SI0007-22,Latitude/Longitude,22 reported offshore coordinates,Main article,Study area / sampling,Table 1,,,Primary PDF,Verified
PR0008-1,ST0008,MEASUREMENTS,M0008-FISH,Reported_Value_Text,30 MPs / 653 fish; occurrence 4.6%,Main article,Abstract / Results,Table 3,,,Primary PDF,Verified
PR0010-1,ST0010,MEASUREMENTS,M0010-OYS,Reported_Value_Text,6.9 ± 3.84 items/individual,Main article,Results — abundance,Table 1,Figure 2,,Primary PDF,Verified
PR0010-2,ST0010,POLYMERS,POL0010-*,Value,Water PE75/PP25; sediment PE60/PP20/polyester12/polyamide4/paint4; oyster PE92/PP4/unidentified4,Main article,Identification of microplastics,,,,Primary PDF,Verified
PR0011-1,ST0011,MEASUREMENTS,M0011-*,Reported_Value_Text,Water max 163.67 items/L; bivalve pooled 15.9 items/g; clam maxima 22.8 and 29.6 items/g,Main article,Abstract / Results,Figure 2,,,Primary PDF,Verified
PR0012-1,ST0012,MEASUREMENTS,M0012-*,Reported_Value_Text,Goa and Udupi abundance by depth,Main article,Abstract / Results,Figure 2,,,Primary PDF,Verified
PR0012-2,ST0012,METHODS_QAQC,QA0012,Recovery_Test,98.08%,Main article,Quality assurance and quality control,,,,Primary PDF,Verified
PR0014-1,ST0014,MEASUREMENTS,M0014-*,Reported_Value_Text,"462–5346; mean 2256±1221 particles/m²/day; site means AMP1 891±518, AMP2 795±432, AMP3 570±328",Main article,Abstract / Results — depositional flux,,Figure 2,Table S1 referenced,Primary PDF,Verified
PR0014-2,ST0014,SITES,SI0014-01 to SI0014-03,Latitude/Longitude,Three exact rooftop coordinates and heights,Main article,Sampling locations,,Figure 1,Figure S1 referenced,Primary PDF,Verified
PR0004-2,ST0004,METHODS_QAQC,QA0004,QAQC_Source,Details about quality control and quality assurance are given in Supplementary Material,Main article,Methods — FTIR / end of analytical methods,,,Supplementary Material referenced,Primary PDF,Verified — supplement not available
PR0008-2,ST0008,SAMPLES,SA0008-WAT,Sampling_Method,200 µm Working Party Net; one knot; 10 min; abundance numbers m−3,Main article,Methodology — Microplastic in surface water,,,,Primary PDF,Verified
PR0008-3,ST0008,SAMPLES,SA0008-SED,Sampling_Method,Van Veen grab 0.075 m²; triplicate; stacked 0.5 and 0.1 mm sieves,Main article,Methodology — Microplastic in sediment,,,,Primary PDF,Verified
PR0010-3,ST0010,MEASUREMENTS,M0010-WAT,Reported_Value_Text,12.14 ± 3.11 to 31.05 ± 2.12 items/L,Main article,"Results — relationship of MP in oyster, water and sediments",,,Table S1 referenced,Primary PDF,Verified — range only
PR0010-4,ST0010,MEASUREMENTS,M0010-SED,Reported_Value_Text,8.22 ± 0.92 to 17.28 ± 2.53 items/kg,Main article,"Results — relationship of MP in oyster, water and sediments",,,Table S1 referenced,Primary PDF,Verified — range only
PR0011-2,ST0011,MEASUREMENTS,M0011-WATMAX,Reported_Value_Text,Highest Z4/Periyar River 163.67 items/L; lowest Z5 31.8 items/L,Main article,Results — Microplastics quantification — Surface-water,,Figure 2a,,Primary PDF,Verified
PR0011-3,ST0011,MEASUREMENTS,M0011-DGMAX; M0011-GMAX,Reported_Value_Text,Periyar River clam digestive gland 22.8 g−1; gill 29.6 g−1; Vembanad mussel minima 5.6 and 8.5 g−1,Main article,Abstract / Results,,,,Primary PDF,Verified
PR0012-3,ST0012,METHODS_QAQC,QA0012,Recovery_Test,65 MPs spiked/sample in four soil samples; final recovery 98.08%,Main article,Quality assurance and quality control,,,,Primary PDF,Verified
PR0014-3,ST0014,MEASUREMENTS,M0014-ALL,Reported_Value_Text,65–752 particles/sample; mean 317 ± 171; flux 462–5346 particles/m²/day; mean 2256 ± 1221,Main article,Abstract / Results — depositional flux,,Figure 2,Table S1 referenced,Primary PDF,Verified
PR0014-4,ST0014,MEASUREMENTS,M0014-A1; M0014-A2; M0014-A3,Reported_Value_Text,AMP-1 891±518; AMP-2 795±432; AMP-3 570±328 particles/m²/day,Main article,Results — depositional flux,,Figure S2,Table S1 referenced,Primary PDF,Verified
PR0015-2,ST0015,PARTICLE_CHARACTERISTICS,PC0015-*,Morphology,Street dust fragments 42%; aerosol fibers 44%; majority <1 mm,Main article,Abstract / Results / Conclusion,,,,Primary PDF,Verified
PR0015-3,ST0015,MEASUREMENTS,M0015-01,Reported_Value_Text,MPs confirmed at all selected street-dust sites; proper quantification data in Supplementary File 2,Main article,Results — Presence of microplastics,,,Supplementary File 2 referenced,Primary PDF,Verified — numeric supplement unavailable
PR0072-1,ST0072,STUDIES,ST0072,Bibliography,51(5):565–572; DOI 10.55863/ijees.2025.0655,Primary publisher PDF,Title page,,,,Primary PDF bibliographic record,Verified
PR0072-2,ST0072,SAMPLES,SA0072-UP; SA0072-DN,Sampling_Method,Four sites upstream/downstream; 10–20 cm river-bank sediment; pre-monsoon Apr–Aug,Primary publisher PDF,Materials and Methods — Methodology,,Fig. 1,,GPS recorded; steel shovel; aluminium bags,Verified
PR0072-3,ST0072,MEASUREMENTS,M0072-UP; M0072-DN,Reported_Value_Text,40 ± 22 upstream; 150 ± 56 downstream items kg−1,Primary publisher PDF,Results and Discussion,,,,Grouped sediment concentrations,Verified
PR0072-4,ST0072,POLYMERS,POL0072-1:4,Polymer_Name,PP; PE; PET; Nylon,Primary publisher PDF,Results and Discussion,Table 1,,,FTIR assignments by S1–S4,Verified
PR0072-5,ST0072,METHODS_QAQC,QA0072,Notes,Precautionary measures; hygienic extraction; samples covered; blanks not reported,Primary publisher PDF,Quality assurance and control measures,,,,No blank/recovery details,Verified
PR0077-1,ST0077,STUDIES,ST0077,Sampling campaign,March 2024; 13 Loktak Lake surface-water sites,Primary publisher full text,Methods — Sampling and quality control,,Figs. 1–2,,0–20 cm; one-time pre-monsoon campaign,Verified
PR0077-2,ST0077,SAMPLES,SA0077-WAT,Sampling_Method,1 L grab; three subsamples within 3 m composited per site,Primary publisher full text,Methods — Sampling and quality control,,Fig. 2,,13 composite samples,Verified
PR0077-3,ST0077,MEASUREMENTS,M0077-ALL,Reported_Value_Text,8–82 particles/L; mean 47 ± 23.8 particles/L,Primary publisher full text,Results — Microplastic distribution and abundance,,Fig. 3,,13-site summary,Verified
PR0077-4,ST0077,POLYMERS,POL0077-1:4,Value,PP 15%; PA 39%; PET 31%; PVC 15%,Primary publisher full text,Results — FTIR analysis,,Fig. 6,,Representative FTIR subset n=154,Verified
PR0077-5,ST0077,PARTICLE_CHARACTERISTICS,PC0077-SZ1:SZ5,Value,40.65%; 40.00%; 10.73%; 6.18%; 2.44%,Primary publisher full text,Results — Microplastic size distribution,,Fig. 4,,Five size classes,Verified
PR0077-6,ST0077,METHODS_PROCESSING,MP0077-1:7,Processing,5 mm sieve; WPO/Fenton; NaCl; 11/2.5 µm filters; PLM; FTIR; EDX,Primary publisher full text,Methods — Microplastic isolation/analysis,,,,Processing sequence,Verified
PR0077-7,ST0077,METHODS_QAQC,QA0077,Contamination control,Cotton lab coats; closed doors/windows; glass/metal; triple Milli-Q rinse; foil covers,Primary publisher full text,Methods — Contamination control,,,,No blank experiment reported in main text,Verified
PR0080-1,ST0080,SITES,SI0080-01:03,Coordinates,32.111916/76.760869; 32.046732/76.833532; 32.037697/76.844332,Primary publisher full text,Methods — Study area,,Fig. 1,,Three exact decimal sampling-site coordinates,Verified
PR0080-2,ST0080,SAMPLES,SA0080-W1:W3; SA0080-S1:S3,Sampling_Method,n=3/site; water 1 L at 0.5 m; sediment 1 kg at 15 cm; Nov 2024,Primary publisher full text,Methods — Sample collection and preparation,,,,Independent water and sediment samples at each site,Verified
PR0080-3,ST0080,MEASUREMENTS,M0080-W1; M0080-S1,Reported_Value_Text,60±5 particles/L; 96±7 particles/kg dry,Primary publisher full text,Results — MPs concentration,Table 1,,,Site I values explicitly stated in text,Verified
PR0080-4,ST0080,MEASUREMENTS,M0080-W2; M0080-S2,Reported_Value_Text,100±16 particles/L; 161±18 particles/kg dry,Primary publisher full text,Results — MPs concentration,Table 1,,,Site II values explicitly stated in text,Verified
PR0080-5,ST0080,PARTICLE_CHARACTERISTICS,PC0080-W-SH1:PC0080-S-C4,Shape/Color,Water fragments83.16%; sediment fragments87.61%; color distributions,Primary publisher full text,Results — MPs characteristics,,Fig. 3,,Pooled matrix-specific morphology/color percentages,Verified
PR0080-6,ST0080,POLYMERS,POL0080-1:5,Polymer_Name,PS; PE; PP; PVC; PET,Primary publisher full text,Results — FTIR spectroscopy,,Fig. 4,,Representative FTIR spectral assignments,Verified
PR0080-7,ST0080,METHODS_QAQC,QA0080,Contamination control,Procedural blanks; blank subtraction; laminar flow; prefiltered reagents; nonplastic/glass controls,Primary publisher full text,Methods — Control of contamination,,,,Detailed contamination prevention and correction,Verified
PR0080-8,ST0080,METHODS_PROCESSING,MP0080-W1:MP0080-ID2,Processing,Water/sediment extraction and FTIR workflow,Primary publisher full text,Methods 2.2–2.4,,,,Detailed matrix-specific processing,Verified
PR0081-1,ST0081,MEASUREMENTS,M0081-POOLG,Reported_Value_Text,55.04 ± 32.15 MPs items/g,Main article,Results — abundance,Table 2,,,Pooled yellow-clam soft-tissue abundance,Verified
PR0081-2,ST0081,MEASUREMENTS,M0081-MUMG:M0081-SING,Mean,Mumbai 77.39; Ratnagiri 20.86; Sindhudurg 13.06 items/g,Main article,Results,Table 2,,,Site-specific clam abundance,Verified
PR0082-1,ST0082,MEASUREMENTS,M0082-C1G:M0082-S3,Mean/SD,"Station-specific clam, water and sediment values",Main article,Results,Table 2,,,Three-station multi-matrix occurrence table,Verified
PR0083-1,ST0083,MEASUREMENTS,M0083-F:M0083-S,Mean/SD,54.06±14.48 fish; 23.53±4.2 salt MP items/g,Main article,Abstract/Results,,,,Pooled cured-fish and curing-salt abundance,Verified
PR0085-1,ST0085,MEASUREMENTS,M0085-FRESH:M0085-110,Reported_Value_Text,Fresh 0.33±0.81; solar salt 40.72±5.97; cured fish 65.7±6 to 3.36±1.5 items/g,Accepted manuscript,Results sections 3.1–3.3,,Figure 2,,Controlled salting experiment,Verified
PR0086-1,ST0086,SAMPLES,SA0086-AP-SHR:SA0086-GJ-FED,Sampling design,12 ponds; 3840 shrimp; 120-day repeated sampling,Corrected proof,Materials and methods,Table 1,Figure 1,,Six inland saline AP + six coastal Gujarat ponds,Verified
PR0086-2,ST0086,METHODS_PROCESSING,MP0086-2,N_Chemically_Analyzed,744 spectra,Corrected proof,Methods — identification,,,,384 shrimp MPs + 360 feed/water/sediment MPs; >70% accepted,Verified
PR0087-1,ST0087,MEASUREMENTS,M0087-LM-Fresh:M0087-MC-Gill,Mean/SD,Three species × six treatments,Main article,Results — depuration,Table 2,,,"Values are mean±SD, n=30 per treatment",Verified
PR0087-2,ST0087,METHODS_QAQC,QA0087,Blank correction,Mean 1.5 MPs/blank subtracted,Main article,Contamination control,,,,2 procedural blanks per batch of 30; FTIR blanks also used,Verified
PR0089-01,ST0089,STUDIES,ST0089,Bibliographic metadata,"Microplastics 2026, 5(2), 125; DOI 10.3390/microplastics5020125",Peer-reviewed version of record,MDPI article page,,,,Published 15 June 2026; open access CC BY.,VERIFIED
PR0089-02,ST0089,SITES,SI0089-01..04,Sampling locations,Yamuna Nagar; Karnal; Sur Ghat; Sonia Vihar,Primary full text,Methods §2.1 / pp. 3–4,Table 1,Figure 1,,Four named sampling sites; exact point coordinates not tabulated in accessible text.,VERIFIED
PR0089-03,ST0089,SAMPLES,SA0089-ALL,Sampling period and N,220 fish; 12 species; Feb–Mar 2023 and Sep–Nov 2024,Primary full text,Methods §2.1 / p. 3,Table 1,,,Two sampling periods across four Yamuna sites.,VERIFIED
PR0089-04,ST0089,MEASUREMENTS,M0089-01,Mean abundance,7.63 MPs/individual,Primary full text,Results / Table 3 / p. 12,Table 3,,,"Present study average across GI tract, gills and muscle.",VERIFIED
PR0089-05,ST0089,MEASUREMENTS,M0089-02..05,Particle totals,1678 total; GI 751; gills 605; muscle 322,Primary full text,Results §3.1 / pp. 7–8,Table 2,Figure 3,,Pooled organ totals.,VERIFIED
PR0089-06,ST0089,METHODS_PROCESSING,MP0089-01..06,Extraction and identification,H2O2; NaCl; GF/C 0.45 µm; microscopy; SEM-EDAX; ATR-FTIR,Primary full text,Methods §§2.2–2.5 / pp. 4–6,,,,Method details retained without treating filter pore as analytical cutoff.,VERIFIED
PR0089-07,ST0089,METHODS_QAQC,QA0089-01,QA/QC,Procedural blank; zero MPs; filtered reagents; cotton/linen clothing; calibration,Primary full text,Methods §2.7 / p. 6,,,,No recovery experiment reported.,VERIFIED
PR0089-08,ST0089,PARTICLE_CHARACTERISTICS,PC0089-01..08,Morphology and color,Fibers 77.8%; transparent 44%; blue 19.5%; black 16.3%,Primary full text,Results §3.2 / pp. 8–11,,Figures 3–4,,Pooled study composition.,VERIFIED
PR0089-09,ST0089,POLYMERS,POL0089-01..10,Polymer composition,PE ~23%; PP ~22%; PET ~19%; PS ~14%; others,Primary full text,Results §3.5 / pp. 17–18,,Figure 6,,ATR-FTIR subset; approximate percentages.,VERIFIED
PR0091-01,ST0091,STUDIES,ST0091,Bibliographic metadata,"Environmental Quality Management 36(2), e70432; DOI 10.1002/tqem.70432",Publisher version of record,Wiley article page,,,,First published 29 July 2026.,VERIFIED
PR0091-02,ST0091,SITES,SI0091-REG,Study geography,"12 sampling sites across Nadia, North 24 Parganas, Hooghly and Kolkata",Publisher version of record,Abstract,,,,"Lower Ganga River, southern West Bengal industrial corridor.",VERIFIED
PR0091-03,ST0091,MEASUREMENTS,M0091-01,Microplastic abundance,30–38 particles per 100 g dry sediment at Jorabagan and Fairley Ghat,Publisher version of record,Abstract,,,,Highest concentrations reported at these two sites.,VERIFIED
PR0091-04,ST0091,PARTICLE_CHARACTERISTICS,PC0091-01..03,Morphology,Fibers 45.5%; fragments 45%; spherules 9.5%,Publisher version of record,Abstract,,,,Sediment-associated MPs.,VERIFIED
PR0091-05,ST0091,PARTICLE_CHARACTERISTICS,PC0091-04..05,Color,Transparent dominant; white consistently observed,Publisher version of record,Abstract,,,,Remaining colors site-specific.,VERIFIED
PR0091-06,ST0091,STUDIES,ST0091,Matrix interpretation,Water and sediment collected; microplastic contamination described as sediment-associated,Publisher version of record,Abstract,,,,Water physicochemical parameters/WQI analyzed separately. No water-MP occurrence promoted.,VERIFIED
PR0093-01,ST0093,STUDIES,ST0093,Bibliographic metadata,J Contam Hydrol 282 (2026) 105030; DOI 10.1016/j.jconhyd.2026.105030,Publisher VOR,ScienceDirect article page,,,,Open-access research article.,VERIFIED
PR0093-02,ST0093,SAMPLES,SA0093-SP,Spatial design,21 S-sites; ~260 km Guwahati–Dhubri; March/November 2021–2023,Publisher full text,Methods §2.1; Results §3.1,,Figures 1–2,Tables S1/S2,GPS coordinates supplement-dependent.,VERIFIED
PR0093-03,ST0093,SAMPLES,SA0093-TM,Temporal design,7 T-sites monthly over 2021–2023 excluding peak flood months,Publisher full text,Methods §2.1; Results §3.2,,Figure 13,Tables S1/S2,Separate temporal dataset.,VERIFIED
PR0093-04,ST0093,MEASUREMENTS,M0093-SP-RANGE,Spatial abundance,45–437 items/kg,Publisher full text,Abstract; Results §3.1,,Figure 2,,,VERIFIED
PR0093-05,ST0093,MEASUREMENTS,M0093-TM-RANGE,Temporal abundance,65–620 items/kg,Publisher full text,Results §3.2,,Figure 13,,,VERIFIED
PR0093-06,ST0093,SIZE_METHODS,SZ0093-01,Particle size,100 µm–1 mm; 100–500 µm dominant,Publisher full text,Abstract; Conclusion,,,,,VERIFIED
PR0093-07,ST0093,METHODS_PROCESSING,MP0093-01..04,Methods,Trowel; processing; Nile Red microscopy; FTIR,Publisher full text,Methods §§2.1–2.2,,,,Zeiss Axio Scope A1; PerkinElmer Spectrum Two.,VERIFIED
PR0093-08,ST0093,POLYMERS,POL0093-01..04,Polymer composition,"Polyester, PE, PP, PA",Publisher full text,Abstract; Conclusion,,,,Polyester and PE dominant.,VERIFIED
PR0093-09,ST0093,OVERLAP_GATE_ST0088_ST0093,Gate,Gate decision,Independent dataset; geographic overlap only,Cross-study comparison,Overlap audit,,,,"Different authors, matrices, design and abundance distributions.",VERIFIED
PR0090-01,ST0090,STUDIES,ST0090,Bibliographic metadata,"Bull Environ Contam Toxicol 117, article 26 (2026); DOI 10.1007/s00128-026-04304-0",Publisher version-of-record metadata,Springer Nature article page,,,,Published 09 July 2026; four authors verified; PubMed PMID 42426236 cross-check.,VERIFIED
PR0090-02,ST0090,SITES,SI0090-01..03,Collection sites,Bhimtal Lake; Ladhiya River (Chalthi); Pancheshwar (confluence of Kali and Saryu rivers),Publisher abstract,Abstract,,,,Exact sampling coordinates not exposed; no coordinates inferred/geocoded.,VERIFIED
PR0090-03,ST0090,SAMPLES,SA0090-01..03,Sample design,"30 specimens from each of three sites; November 2024 to April 2025; gill, GIT and muscle analyzed",Publisher abstract,Abstract,,,,Total study N=90 fish.,VERIFIED
PR0090-04,ST0090,MEASUREMENTS,M0090-GIT; M0090-GILL; M0090-MUSCLE,Organ abundance,GIT 5.53±4.26; gills 3.50±2.58; muscle 0.08±0.02 items/individual,Publisher abstract,Abstract,,,,Organ-specific pooled means across study; not assigned to individual sites.,VERIFIED
PR0090-05,ST0090,PARTICLE_CHARACTERISTICS,PC0090-01..05,Morphology/color/size,Fibers 49.6%; fragments 27.9%; pellets 22.5%; black+blue >74.4%; ≤500 µm 71.3%,Publisher abstract,Abstract,,,,Visual/morphological particle characterization.,VERIFIED
PR0090-06,ST0090,METHODS_PROCESSING,MP0090-01..02,Identification method,KOH digestion + microscopic visual/morphological identification; no FTIR/Raman confirmation,Publisher abstract,Abstract,,,,Chemical polymer confirmation explicitly absent.,VERIFIED
PR0096-01,ST0096,STUDIES,ST0096,Bibliographic metadata,Marine Pollution Bulletin 228 (2026) 119545; DOI 10.1016/j.marpolbul.2026.119545,Publisher primary record + PubMed,ScienceDirect article page; PubMed PMID 41844076,,,,Epub 17 March 2026; July 2026 volume; four authors verified.,VERIFIED
PR0096-02,ST0096,SAMPLES,SA0096-SH..OF,Sediment habitats,"shoreline, mangrove, estuarine and offshore sediments",Publisher primary record,Abstract; Introduction,,,,Occurrence extraction limited to sediment microplastics; macroplastic video-transect data excluded from IMED occurrence measurements.,VERIFIED
PR0096-03,ST0096,MEASUREMENTS,M0096-ES-MAX,Estuarine abundance maximum,up to 6 ± 1.8 items g−1,Publisher primary record + PubMed,Abstract,,,,Mass basis (wet/dry) not explicit in accessible abstract; no kg standardization performed.,VERIFIED
PR0096-04,ST0096,PARTICLE_CHARACTERISTICS,PC0096-01..05,Morphology and color,"fibres dominant, followed by fragments and films; blue and transparent particles most common",Publisher primary record,Abstract,,,,No percentages promoted because abstract does not expose them.,VERIFIED
PR0096-05,ST0096,POLYMERS,POL0096-01..05,Raman polymer identities,"PE and PP major; polyester, nylon and poly(acrylamide) also identified",Publisher primary record,Abstract; Highlights,,,,Raman spectroscopy; confirmation fraction and match threshold NR in accessible primary text.,VERIFIED
PR0096-06,ST0096,SIZE_METHODS,SZ0096-01,Microplastic definition,plastic particles <5 mm considered microplastics,Publisher primary record,Introduction,,,,This is an upper definition only; lower analytical cutoff remains NR.,VERIFIED
PR0092-01,ST0092,STUDIES,ST0092,Bibliographic metadata,Physics and Chemistry of the Earth 144 Part 2 (2026) 104493; DOI 10.1016/j.pce.2026.104493,Elsevier publisher record,Article header,,,,Research article; October 2026 volume.,VERIFIED
PR0092-02,ST0092,SAMPLES,SA0092-W; SA0092-S,Sampling design,"30 surface-water and 60 sediment samples, post-monsoon 2025, Cauvery–Kollidam urban Tiruchirappalli",Elsevier publisher record,Highlights; Abstract,,,,New urban river-system campaign.,VERIFIED
PR0092-03,ST0092,MEASUREMENTS,M0092-W-COUNT; M0092-S-COUNT; M0092-ALL-COUNT,Particle totals,2038 overall; 375 water; 1663 sediment,Elsevier publisher record,Highlights; Abstract,,,,"Totals retained as totals, not converted to concentrations.",VERIFIED
PR0092-04,ST0092,POLYMERS,POL0092-01..04,Polymer composition,"PP and PE dominant, followed by PA and PS",Elsevier publisher record,Abstract,,,,FTIR chemical characterization.,VERIFIED
PR0092-05,ST0092,PARTICLE_CHARACTERISTICS,PC0092-01..04,Morphology/color,fibres and fragments most frequent; white and transparent main colours,Elsevier publisher record,Abstract,,,,,VERIFIED
PR0092-06,ST0092,STUDIES,ST0092,Overlap assessment,Paper states earlier Maheswaran et al. studied Cauvery sediments but not river water and Kollidam environments,Elsevier publisher record,Introduction,,,,Supports geographic/river overlap but distinct 2025 dataset; no evidence of reuse.,VERIFIED
PR0097-01,ST0097,STUDIES,ST0097,Bibliographic metadata,Marine Pollution Bulletin 233 Pt 1 (2026) 120186; DOI 10.1016/j.marpolbul.2026.120186,PubMed primary bibliographic record,PMID 42551272,,,,Publication date 03 Aug 2026; five authors and affiliations verified.,VERIFIED
PR0097-02,ST0097,SAMPLES,SA0097-ALL,Study design,"Six Ramanathapuram coast sites; July 2024–June 2025; pre-monsoon, monsoon, post-monsoon and summer",PubMed abstract,Abstract,,,,Independent recent seasonal beach-sediment campaign.,VERIFIED
PR0097-03,ST0097,MEASUREMENTS,M0097-MEAN,Mean abundance,78.68 ± 6.9 items/kg dry weight,PubMed abstract,Abstract,,,,Pooled mean; site/season-specific numerical values not exposed.,VERIFIED
PR0097-04,ST0097,SITES,SI0097-TH,Spatial pattern,Thondi had higher microplastic contamination,PubMed abstract,Abstract,,,,Exact Thondi concentration not exposed; no value inferred.,VERIFIED
PR0097-05,ST0097,SAMPLES,SA0097-ALL,Temporal pattern,Higher contamination during monsoon season,PubMed abstract,Abstract,,,,Exact monsoon concentration not exposed; no value inferred.,VERIFIED
PR0097-06,ST0097,PARTICLE_CHARACTERISTICS,PC0097-01..03,Dominant characteristics,1–2 mm 23.48%; blue 34.09%; fibre 45.16%,PubMed abstract,Abstract,,,,Pooled study characteristics.,VERIFIED
PR0097-07,ST0097,POLYMERS,POL0097-01..02,Dominant polymers,Polyethylene and polypropylene,PubMed abstract,Abstract,,,,Identification instrument not stated in accessible abstract; not inferred.,VERIFIED
PR0097-08,ST0097,DERIVED_METRICS,DM0097-01..03,Risk indices,PLI 1.46; PHI 48578; PERI 1067,PubMed abstract,Abstract,,,,Author risk interpretations retained separately from occurrence and IMED quality dimensions.,VERIFIED
PR0088-01,ST0088,STUDIES,ST0088,Bibliography,J Contam Hydrol 280 (2026) 104946; DOI 10.1016/j.jconhyd.2026.104946,ScienceDirect/PubMed,Publisher record,,,,,VERIFIED
PR0088-02,ST0088,SITES,SI0088-ALL,Study area,"11 sites: Dhola, Guijan, Dibrugarh, Desangmukh, Nimatighat, Biswanath Town, Tezpur, Guwahati, Goalpara, Jogighopa, Dubri",ScienceDirect full-text section,Study area,,,,,VERIFIED
PR0088-03,ST0088,MEASUREMENTS,M0088-W-RANGE; M0088-S-RANGE; M0088-F-RANGE,Abundance,Water 140–420 particles/m³; sediment 13.63–53.33 particles/kg; fish 1–5.33 particles/individual,ScienceDirect/PubMed,Abstract/results,,,,,VERIFIED
PR0098-01,ST0098,STUDIES,ST0098,Bibliography,Gondwana Research 155 (2026) 162–175; DOI 10.1016/j.gr.2026.01.023,ScienceDirect,Publisher full text,,,,,VERIFIED
PR0098-02,ST0098,SAMPLES,SA0098-S; SA0098-W,Sampling,Jan–Feb and Jul–Aug 2023/2024; nine sites; five tidal levels,ScienceDirect,Methods — sample collection,,,,,VERIFIED
PR0098-03,ST0098,MEASUREMENTS,M0098-S-MEAN; M0098-W-MEAN,Abundance,Sediment 195.14±111.14 items/kg dw; seawater 263.22±149.32 items/m³,ScienceDirect,Results,,,,,VERIFIED
PR0098-04,ST0098,METHODS_PROCESSING,MP0098-S1..I2,Methods,50°C drying; 1.5 g/mL NaBr; Nikon SMZ18; Bruker LUMOS/LUMOS II micro-FTIR,ScienceDirect,Methods,,,,,VERIFIED
PR0098-05,ST0098,METHODS_QAQC,QA0098-01,QA/QC,HEPA clean cabinet; glass/metal equipment; nitrile gloves; NaBr prefiltered through 0.8 µm membrane,ScienceDirect,Laboratory quality control,,,,,VERIFIED
PR0094-01,ST0094,STUDIES,ST0094,Bibliography,Marine Pollution Bulletin 224 (2026) 119137; DOI 10.1016/j.marpolbul.2025.119137,PubMed/ScienceDirect,Abstract,,,,,VERIFIED
PR0094-02,ST0094,MEASUREMENTS,M0094-S-MEAN,Mean abundance,30.13±3.13 MPs/kg across 15 Chennai beach sites,PubMed/ScienceDirect,Abstract,,,,,VERIFIED
PR0094-03,ST0094,POLYMERS,POL0094-NY..PP,Polymer composition,Nylon 91.2%; PS 4.4%; PE 3.98%; PP 0.6%,PubMed/ScienceDirect,Abstract,,,,,VERIFIED
PR0095-01,ST0095,STUDIES,ST0095,Bibliography,Estuarine Coastal and Shelf Science 336 (2026) 109852; DOI 10.1016/j.ecss.2026.109852,ScienceDirect,Publisher record,,,,,VERIFIED
PR0095-02,ST0095,MEASUREMENTS,M0095-FE..T-LIV,Fish abundance,Farmed E.suratensis 2.74±0.25 MPs/fish; wild 14.63±1.19; T.blochii 6.57±0.23; organ MP/g values reported,ScienceDirect,Abstract,,,,,VERIFIED
PR0095-03,ST0095,POLYMERS,POL0095-T; POL0095-E,Polymer sets,"T.blochii: LDPE,PET,HDPE,PP,PVC; E.suratensis: LDPE,PP,HDPE,PA,PU",ScienceDirect,Abstract,,,,,VERIFIED
PR0061-01,ST0061,MEASUREMENTS,M0061-MEAN; M0061-SW; M0061-AB,Beach sediment abundance,Mean 258.7±90.0; Swargadwara 378.3±39.7; Abhayachandpur 153.3±27.3 particles/kg,ScienceDirect primary abstract + PubMed,Abstract,,,,https://www.sciencedirect.com/science/article/abs/pii/S0025326X2100299X ; mass wet/dry basis not exposed.,VERIFIED
PR0061-02,ST0061,POLYMERS,POL0061-01..04,Raman polymer identities,"12 types including HDPE, PS, PVC and acrylonitrile copolymer",ScienceDirect primary abstract,Abstract/Highlights,,,,Raman spectral analysis explicitly reported.,VERIFIED
PR0062-01,ST0062,SAMPLES,SA0062-01,Sampling design,"Khaitan, May 2018; 50 µm plankton net; 600 m tow; surface to 15 cm",Publisher full text,Sampling and Recovery of Microplastic,,,,https://www.cwejournal.org/index.php/vol16no1/existence-of-microplastic-as-pollutant-in-harike-wetland--an-analysis-of-plastic-composition-and-first-report-on-ramsar-wetland-of-india,VERIFIED
PR0062-02,ST0062,METHODS_PROCESSING,MP0062-02..06,Processing/identification,30% H2O2 7 d; NaI; FTIR; Raman; GC-MS,Publisher full text,Methodology,,,,Source reports NaI density as 1600 mg/L; retained verbatim without unit correction.,VERIFIED
PR0062-03,ST0062,POLYMERS,POL0062-01..02,Polymer occurrence,Nylon 6 and HDPE confirmed by FTIR/Raman/GC-MS,Publisher full text,Results and Discussion,,,,"Nine manually isolated plastics: eight Nylon 6, one polyethylene; filtered residues also supported Nylon 6/HDPE.",VERIFIED
PR0078-01,ST0078,SAMPLES,SA0078-L1..L5,Five-lake sample design,"100 samples: L1 n10, L2 n15, L3 n30, L4 n20, L5 n25; 25–30 cm depth; Jan–May 2024",Scientific Reports full text,Materials and methods — Study area,,,,https://www.nature.com/articles/s41598-026-52934-5,VERIFIED
PR0078-02,ST0078,MEASUREMENTS,M0078-RANGE; M0078-L2,Gravimetric MP concentration,89–637 mg/L range; Saduperi 637 mg/L in Results/Conclusion; abstract also says 673 mg/L,Scientific Reports full text,Abstract; Results; Conclusion,,,,"Mass concentration, not particle count. Internal discrepancy preserved in SOURCE_DISCREPANCIES.",VERIFIED WITH DISCREPANCY
PR0078-03,ST0078,METHODS_PROCESSING,MP0078-02..04,Quantification/identification,Gravimetric mass; 40× light microscopy; SEM; FTIR,Scientific Reports full text,Materials and methods / Characterization,,,,FTIR used because gravimetry alone cannot establish all recovered residues are plastic.,VERIFIED
PR0079-01,ST0079,SAMPLES,SA0079-ALL,Bottled-water sampling,Six major brands; 30 L total; 1 L PET bottles; Rupnagar/IIT Ropar retail; Jan–Mar 2024,ScienceDirect open full text,Materials and methods 2.1,,,,https://www.sciencedirect.com/science/article/pii/S2590123026009916,VERIFIED
PR0079-02,ST0079,MEASUREMENTS,M0079-MEAN; M0079-RANGE; M0079-INB5,Bottled-water abundance,808–1888 particles/L; mean 1279.3±128.6; INB5 1888±104 particles/L,ScienceDirect open full text,Results 3.1,,,,All analyzed samples contained MPs.,VERIFIED
PR0079-03,ST0079,PARTICLE_CHARACTERISTICS,PC0079-01..03,Morphology/color/size,Fragments 56.7%; transparent 54.8%; >91% <40 µm,ScienceDirect open full text,Abstract/Results/Conclusion,,,,Small-particle focus is a key distinction from earlier Indian bottled-water work.,VERIFIED
PR0079-04,ST0079,POLYMERS,POL0079-01..04,Polymer identities,"PET, PP, PS, PE dominant",ScienceDirect open full text,Abstract/Conclusion,,,,Micro-Raman spectroscopy used for polymer confirmation.,VERIFIED
PR0066-01,ST0066,MEASUREMENTS,M0066-GW; M0066-SED,Groundwater/sediment abundance,"Groundwater 3–122 particles/L, avg 35.46; sediment 170–1140 particles/kg, avg 505.52",Wiley publisher record,Abstract,,,,https://onlinelibrary.wiley.com/doi/10.1002/ldr.5613,VERIFIED
PR0068-01,ST0068,MEASUREMENTS,M0068-GW; M0068-PREV,Groundwater occurrence,120 wells; 73.33% positive; 24–1889 particles/L; avg 103.73±2.28 particles/L,PubMed + ScienceDirect primary abstract,Abstract/Highlights,,,,https://pubmed.ncbi.nlm.nih.gov/40907300/,VERIFIED
PR0069-01,ST0069,MEASUREMENTS,M0069-S1..S3,Core abundance,S1 138.5; S2 107.5; S3 118.0 MP cm−2,ScienceDirect open full text,Abstract,,,,https://doi.org/10.1016/j.kjs.2025.100406,VERIFIED
PR0069-02,ST0069,METHODS_PROCESSING,MP0069-01..03,Identification/SEM,Olympus SZX7; Thermo Nicolet 380 ATR-FTIR >80%; Hitachi SU70 SEM,ScienceDirect open full text,Methods 2.4–2.5,,,,"FTIR 16 scans, 4 cm−1, 4000–650 cm−1; SEM surface preparation reported.",VERIFIED
PR0069-03,ST0069,PARTICLE_CHARACTERISTICS,PC0069-01..02,Particle counts,728 total; fibers n=422; fragments n=243,ScienceDirect open full text,Results 3.1,,,,"Films 39, foams 5, spheres/pellets 2, miscellaneous 17 also reported but not separately promoted in this batch.",VERIFIED
PR0070-01,ST0070,MEASUREMENTS,M0070-WAT,Surface-water abundance,0.17–2.51 MPs/L; mean 1.21 MPs/L; beach means 0.47–2.03 MPs/L,Springer Nature primary record,Abstract,,,,https://doi.org/10.1007/s12665-025-12462-3,VERIFIED
PR0071-01,ST0071,MEASUREMENTS,M0071-WAT,Lake-water abundance,6.7–12.3 items/L across three lakes,Taylor & Francis primary record + PubMed,Abstract,,,,https://doi.org/10.1080/10934529.2025.2594366,VERIFIED
PR0071-02,ST0071,POLYMERS,POL0071-01..04,Chemical characterization,"Cellulose/derivatives 70%; PE, PA and polyvinyl stearate present",Taylor & Francis primary record,Abstract,,,,Cellulose is not synthetic plastic; retained separately to avoid overstating synthetic MP burden.,VERIFIED
PR0063-01,ST0063,MEASUREMENTS,M0063-W; M0063-S,Matrix abundance,"Water: 315 particles/25 samples, avg 13 particles/L; sediment: 263/12, avg 22 particles/5 g dry sediment",Taylor & Francis primary record,Abstract,,,,DOI 10.1080/10807039.2022.2154635,VERIFIED
PR0063-02,ST0063,POLYMERS,POL0063-01..03,Predominant polymers,"Nylon, PVC, PET",Taylor & Francis primary record,Abstract,,,,FTIR confirmation explicitly reported.,VERIFIED
PR0064-01,ST0064,MEASUREMENTS,M0064-MEAN,Mean abundance,564 particles/kg; 346 particles recovered from 31 × 20 g samples,ScienceDirect primary record,Abstract / MPs abundance section,,,,DOI 10.1016/j.rsma.2024.103716; wet/dry basis not explicit in accessible text.,VERIFIED
PR0064-02,ST0064,PARTICLE_CHARACTERISTICS,PC0064-01..05,Morphology/color/size,"50–2000 µm; fibers 89.667%, films 8.17%, fragments 1.88%, foam 0.31%; transparent/black/blue major",ScienceDirect primary record,Abstract,,,,31-beach pooled characteristics.,VERIFIED
PR0065-01,ST0065,MEASUREMENTS,M0065-WR; M0065-SR; M0065-FE; M0065-FG; M0065-FGI,Water/sediment/fish abundance,"Water 311–939 MPs/m3; sediment 2–144 MPs/kg d.w.; flesh+skin 10.7±14.9, gills 7±8.1, GIT 6.6±5.5 MPs/fish",ScienceDirect + PubMed primary records,Abstract,,,,DOI 10.1016/j.marpolbul.2025.117560,VERIFIED
PR0065-02,ST0065,SITES,SI0065-ALL,Study design / overlap control,"23 locations along complete main course; source, cities/towns, upstream/downstream, four dams, sink; prior study limited to Andhra Pradesh water",ScienceDirect primary record,Introduction/objectives,,,,Supports independent source-to-sink dataset rather than reuse of earlier single-state water study.,VERIFIED
PR0067-01,ST0067,MEASUREMENTS,M0067-MEAN,Mean sediment abundance,1017.66 ± 81.08 particles per 500 g sediment,ScienceDirect primary record,Results/discussion section snippet,,,,Equivalent per-kg arithmetic withheld from standardized field until mass basis confirmed.,VERIFIED
PR0067-02,ST0067,DERIVED_METRICS,DM0067-01..03,Driver correlations,Rainfall r=0.90; urban density r=0.52; population density r=0.42; p<0.05,ScienceDirect + PubMed primary records,Abstract,,,,Patna lower-Ganga sediment/LULC analysis.,VERIFIED
PR0074-01,ST0074,STUDIES,ST0074,Bibliographic/design metadata,ACS EST Water 5(11):6268–6277; 62 fish; four species; Varanasi region,ACS Publications primary record,Article metadata/Abstract,,,,DOI 10.1021/acsestwater.5c00308,VERIFIED
PR0074-02,ST0074,MEASUREMENTS,M0074-GITPREV..M0074-CC-MUS,Tissue occurrence/concentration,GIT ~two-thirds positive; muscle 15%; max GIT 19.04 items/g J. coitor; max muscle 0.60 items/g common carp,ACS Publications primary record,Abstract,,,,"Species/tissue maxima retained, not interpreted as pooled means.",VERIFIED
PR0074-03,ST0074,POLYMERS,POL0074-01,Dominant polymer,poly(m-phenylene terephthalamide) ~35%,ACS Publications primary record,Abstract,,,,Raman spectroscopy explicitly reported.,VERIFIED
PR0075-01,ST0075,SAMPLES,SA0075-GW,Study design,60 groundwater samples across Chennai; before/after Michaung cyclone,Wiley publisher full-text record,Abstract,,,,DOI 10.1111/gwmr.70009,VERIFIED
PR0075-02,ST0075,MEASUREMENTS,M0075-OCC,Temporal/spatial occurrence pattern,Significant shift after cyclone; Pallikaranai major source; Guindy National Park buffer,Wiley publisher full-text record,Abstract,,,,Numeric concentration table not safely promoted in this pass.,VERIFIED — SOURCE LIMITED
PR0076-01,ST0076,MEASUREMENTS,M0076-WR; M0076-SR; M0076-FR,Cross-matrix abundance,Water 10–157 MPs/L; sediment 385–9178 MPs/kgDW; fish 0–15 MPs/individual,ScienceDirect + PubMed primary records,Abstract,,,,DOI 10.1016/j.scitotenv.2025.180825,VERIFIED
PR0076-02,ST0076,PARTICLE_CHARACTERISTICS,PC0076-*,Matrix morphology,Water pellets74.74/fragments19.25%; sediment pellets68.05/fragments21.83%; fish pellets46/fibers34/fragments15%,ScienceDirect/PubMed primary abstract,Abstract,,,,Matrix-specific characteristics retained separately.,VERIFIED
PR0076-03,ST0076,POLYMERS,POL0076-*,Matrix polymer composition,Water PE54.38/PP24.56/PS21.05%; sediment PS37.69/PET25.65%; fish PE39.7/PET33.82%,ScienceDirect/PubMed primary abstract,Abstract,,,,Raman-confirmed composition.,VERIFIED
PR0021-01,ST0021,MEASUREMENTS,M0021-W; M0021-S; M0021-B,Water/sediment/biota occurrence,Water 48±19 MPs/L; sediment 3950±930 MPs/kg; MPs in shellfish/finfish,ScienceDirect primary record,Abstract/Highlights,,,,https://www.sciencedirect.com/science/article/abs/pii/S0045653520335578,VERIFIED
PR0022-01,ST0022,SAMPLES,SA0022-W,Sampling design,Five sites; three months; top ~10 cm; 240 µm net; 20 min haul,ScienceDirect primary full text,Abstract/Study area,,,,https://www.sciencedirect.com/science/article/abs/pii/S1385110121000666,VERIFIED
PR0022-02,ST0022,MEASUREMENTS,M0022-FIB,Fibre abundance,0.80–6.99 items/m3,ScienceDirect primary full text,Abstract,,,,Deep-coloured fibres; fibre-dominant study.,VERIFIED
PR0025-01,ST0025,MEASUREMENTS,M0025-MEAN,Island beach abundance,97.18 ± 80.49 particles/kg,ScienceDirect + PubMed,Abstract,,,,DOI 10.1016/j.marpolbul.2022.114043,VERIFIED
PR0046-01,ST0046,MEASUREMENTS,M0046-MON; M0046-POST,Seasonal water concentration,Monsoon 0.423 particles/L; post-monsoon 0.117 particles/L,PubMed + ScienceDirect,Abstract,,,,DOI 10.1016/j.chemosphere.2022.134556,VERIFIED
PR0057-01,ST0057,MEASUREMENTS,M0057-MEAN,Wet-sediment abundance,440 ± 3.53 particles/kg wet sediments,ScienceDirect + PubMed,Abstract,,,,DOI 10.1016/j.scitotenv.2023.169707,VERIFIED
PR0057-02,ST0057,POLYMERS,POL0057-01..06,Raman polymer distribution,"HDPE 37%, PS 20%, PET 18%, PA 11%, PP 7%, PC 7%",ScienceDirect primary record,Abstract,,,,Raman-confirmed polymer proportions.,VERIFIED
PR0058-01,ST0058,MEASUREMENTS,M0058-WL; M0058-WH; M0058-SL; M0058-SH,Nainital water/sediment abundance,Lake water 8.6–56.0/L; hotspot water 2.4–88.0/L; lake sediment 0.4–10.6/g; hotspot sediment 0.6±0.5/g,PubMed + ScienceDirect,Abstract,,,,DOI 10.1016/j.envpol.2024.123598,VERIFIED
PR0027-01,ST0027,MEASUREMENTS,M0027-PRM; M0027-POM,Seasonal sediment abundance,"PRM 2.5–57.5, mean 14.82±13.10; POM 0–15, mean 6.39±5.17 pieces/kg",Springer Nature primary full text,Abstract; Results,,,,https://link.springer.com/article/10.1007/s11356-022-24437-z,VERIFIED
PR0027-02,ST0027,METHODS_QAQC,QA0027-01,QA/QC and blank correction,Two DD-water procedural blanks contained four fibres; corrected from raw data; no field blanks,Springer Nature primary full text,Quality analysis and quality control; Results,,,,No plastic equipment; glass/steel; fume hood/laminar flow; prefiltered solutions.,VERIFIED
PR0029-01,ST0029,MEASUREMENTS,M0029-W; M0029-S; M0029-F1..F4,Upper Ganga abundance,"Water 118.5±49.65/1000L; sediment 131.5±53.60/kg dry; fish species 53.13±63.77, 36.33±22.34, 15.42±9.33, 12.63±5.93 per individual",PubMed primary abstract,Abstract,,,,https://pubmed.ncbi.nlm.nih.gov/37527715/,VERIFIED
PR0030-01,ST0030,MEASUREMENTS,M0030-W; M0030-S,Mahanadi mean abundance,Water 9.55±4.87 items/L n=9; sediment 270.88±105.89 items/kg n=9,ScienceDirect primary record,Abstract/section snippet,,,,https://www.sciencedirect.com/science/article/pii/S0301479723021515,VERIFIED
PR0037-01,ST0037,PARTICLE_CHARACTERISTICS,PC0037-GIT; PC0037-GILL,Fish morphology,GIT fragments 46%; gill fibres 52.4%; blue prevalent,PubMed primary abstract,Abstract,,,,https://pubmed.ncbi.nlm.nih.gov/39009737/,VERIFIED
PR0040-01,ST0040,MEASUREMENTS,M0040-ED; M0040-INED,Tissue prevalence,68% edible tissue; 100% inedible tissue occurrence among 400 fish,PubMed primary abstract,Abstract,,,,https://pubmed.ncbi.nlm.nih.gov/38334930/,VERIFIED
PR0060-01,ST0060,SAMPLES,SA0060-S,Study design,"Six tourist beaches; sediment density separation, microscopy, shape/size/color/polymer characterization",ScienceDirect primary abstract,Abstract,,,,https://www.sciencedirect.com/science/article/pii/S2352485524002731,VERIFIED
PR0023-01,ST0023,MEASUREMENTS,M0023-SHARE,Beach relative share,Marina 60.8%; Pattinapakkam 39.2%,ScienceDirect primary record,Highlights,,,,https://www.sciencedirect.com/science/article/abs/pii/S0025326X22000911,VERIFIED
PR0044-01,ST0044,MEASUREMENTS,M0044-R,Beach sediment abundance range,Approximately 200–1150 numbers/kg,ScienceDirect primary record,Highlights,,,,https://www.sciencedirect.com/science/article/abs/pii/S0025326X21005841,VERIFIED
PR0047-01,ST0047,MEASUREMENTS,M0047-SW; M0047-NE,Seasonal abundance,"NE 76–720, mean 247.4; SW 84–498, mean 302.7 items/kg",PubMed + ScienceDirect primary records,Abstract,,,,https://pubmed.ncbi.nlm.nih.gov/35439596/,VERIFIED
PR0047-02,ST0047,SOURCE_DISCREPANCIES,DISC0047-01,Internal seasonal statement conflict,Abstract wording says NE higher although printed mean NE 247.4 < SW 302.7,Primary abstract,Abstract,,,,Values and wording preserved without correction.,VERIFIED
PR0049-01,ST0049,MEASUREMENTS,M0049-INF; M0049-EFF; M0049-SLD,Treatment-stage concentrations,Influent 1860±265 MPs/L; effluent 148±51 MPs/L; sludge 830 MPs/kg,PubMed primary abstract,Abstract,,,,https://pubmed.ncbi.nlm.nih.gov/36309917/,VERIFIED
PR0051-01,ST0051,MEASUREMENTS,M0051-TOT,Fish sample/particle totals,220 fish; 17 species; 1115 MPs,ScienceDirect primary record,Highlights,,,,https://www.sciencedirect.com/science/article/pii/S0045653522039790,VERIFIED
PR0053-01,ST0053,MEASUREMENTS,M0053-W; M0053-S,Water/sediment abundance,Water 5.3×10^4 particles/km²; sediment 209±99 particles/kg dry,Primary article metadata/abstract record,Abstract,,,,DOI 10.1016/j.chemosphere.2022.135135; primary publisher confirms 21 locations over ~1200 km.,VERIFIED
PR0054-01,ST0054,MEASUREMENTS,M0054-S,Beach sediment abundance,230.429 ± 62.87 particles/100 g,ScienceDirect + PubMed primary records,Highlights/Abstract,,,,https://pubmed.ncbi.nlm.nih.gov/37639866/,VERIFIED
PR0055-01,ST0055,MEASUREMENTS,M0055-W; M0055-S,39-lake abundance ranges,Water 16±2.69 to 118.17±22.17 items/L; sediment 19.50±4.75 to 156.23±36.41 items/kg,ScienceDirect primary record,Abstract,,,,https://www.sciencedirect.com/science/article/abs/pii/S0048969723037695,VERIFIED
PR0033-01,ST0033,MEASUREMENTS,M0033-W; M0033-S,Mean abundance,Water 22 items/L; sediment 26 items/5 g,ScienceDirect primary record,Highlights,,,,https://www.sciencedirect.com/science/article/abs/pii/S0169772224000433,VERIFIED
PR0034-01,ST0034,MEASUREMENTS,M0034-KR..M0034-CSW,Water-source mean abundance,Kaveri 2.15±1.9; Thamirabarani 1.1±0.99; Adyar 5.25±1.15; Cooum 4±2.65; groundwater 1.75±1.26; community stored 2.33±1.52 MP/L,PubMed primary abstract,Abstract,,,,https://pubmed.ncbi.nlm.nih.gov/38493646/,VERIFIED
PR0036-01,ST0036,MEASUREMENTS,M0036-W; M0036-S,Water/sediment abundance,Water 2.75±1.48/L; sediment 3±1.69/kg,Primary article full text,"Section 3.2.3, p.7",,,,Public full-text copy; lines 458–470 in retrieved text,VERIFIED
PR0036-02,ST0036,MEASUREMENTS,M0036-F-TOTAL; M0036-SH-CR; M0036-SH-MO,Biota abundance,86 fish/22 species; 18 fish across 9 species contained 26 MPs; crustaceans 1±0/individual; molluscs 1.56±9.05/individual,Primary article full text,"Sections 3.2.1–3.2.2, pp.4–5",,,,Public full-text copy,VERIFIED
PR0039-01,ST0039,MEASUREMENTS,M0039-W; M0039-S; M0039-F1; M0039-F2,Deepor Beel abundance,Water 0.55±0.06/L; sediment 4.03±0.41/100g; P. sophore 3.83±2.26/individual; G. chapra 6.5±3.40/individual,Primary article abstract/full-text record,Abstract,,,,https://pubmed.ncbi.nlm.nih.gov/39316144/,VERIFIED
PR0052-01,ST0052,MEASUREMENTS,M0052-OCC,Pelagic/benthic comparison,"Abundance higher in benthic than pelagic species; fibre, 0.5–1 mm and blue MPs similarly observed",ScienceDirect primary record,Highlights,,,,https://www.sciencedirect.com/science/article/abs/pii/S0025326X23001662,VERIFIED
PR0032-01,ST0032,STUDIES,ST0032,Study design / polymer composition,17 Maharashtra coastal stations; PE overall 43.58% sediment and 48.81% water,ScienceDirect primary record + accessible author full text,Methods 2.2; Results polymer section,,,,DOI 10.1016/j.scitotenv.2023.164712,VERIFIED — abundance withheld
PR0035-01,ST0035,MEASUREMENTS,M0035-OCC,Occurrence/size/polymer summary,<0.5 mm MPs abundant; PP and PE dominant; MPs in every second fish sample in gills or GIT,ScienceDirect primary record,Highlights,,,,https://www.sciencedirect.com/science/article/pii/S0166445X24001140,VERIFIED — source-limited
PR0042-01,ST0042,MEASUREMENTS,M0042-AVG; M0042-HI; M0042-LO,South Andaman abundance,Mean 414.35±87.4; Kodiyaghat 973.3±76.59; Burmanullah 161.7±32.51 particles/kg,ScienceDirect/PubMed primary abstract,Highlights/Abstract,,,,https://www.sciencedirect.com/science/article/pii/S0025326X20303453,VERIFIED
PR0043-01,ST0043,MEASUREMENTS,M0043-W; M0043-WET; M0043-DSS,Matrix-specific abundance ranges,WAT 60–820 items/m3; WET 60–1620 items/kg; DSS 20–1540 items/kg; SD 193.1/396.6/364.6,ScienceDirect primary record,Abstract,,,,https://www.sciencedirect.com/science/article/abs/pii/S004896972037604X,VERIFIED
PR0048-01,ST0048,MEASUREMENTS,M0048-OCC,Study design / dominant MP characteristics,12 sediment beaches; biota at six beaches; 0.3–1 mm white PE MPs dominate,ScienceDirect primary record,Highlights/Abstract,,,,https://www.sciencedirect.com/science/article/abs/pii/S0269749122005115,VERIFIED — abundance withheld
PR0024-01,ST0024,MEASUREMENTS,M0024-R,20-beach abundance range,1.4–26 MPs/kg; 1158 total MPs,ScienceDirect + PubMed primary records,Highlights/Abstract,,,,DOI 10.1016/j.marpolbul.2022.113925,VERIFIED
PR0028-01,ST0028,STUDIES,ST0028,Bibliography/design,Nethravati estuary sediments; JIAS 40(I):29–42; DOI 10.51710/jias.v40iI.285,Journal primary record,Article page/full-text record,,,,Journal of the Indian Association of Sedimentologists,VERIFIED — NUMERIC ABUNDANCE NOT PROMOTED
PR0041-01,ST0041,MEASUREMENTS,M0041-HTL; M0041-LTL,HTL/LTL abundance,HTL 119±72 to 439±172; LTL 33±30 to 179±68 items/kg,ScienceDirect + PubMed primary records,Abstract,,,,DOI 10.1016/j.marpolbul.2019.03.037,VERIFIED
PR0045-01,ST0045,MEASUREMENTS,M0045-GJ; M0045-TN,Edible salt abundance,Gujarat 46–115; Tamil Nadu 23–101 particles/200 g,ScienceDirect + PubMed primary records,Abstract,,,,DOI 10.1016/j.marpolbul.2021.112728,VERIFIED
PR0050-01,ST0050,MEASUREMENTS,M0050-W; M0050-S,19-estuary abundance ranges,Water 31.7±3.8 to 154.7±4.2 items/L; sediment 51.7±3.6 to 171.4±9.1 items/kg,ScienceDirect + PubMed primary records,Abstract,,,,DOI 10.1016/j.scitotenv.2022.160572,VERIFIED
PR0056-01,ST0056,MEASUREMENTS,M0056-INF-R; M0056-INF-M; M0056-EFF-R; M0056-EFF-M,Seven-STP influent/effluent concentrations,"Influent 42±10–150±19 n/L, mean 66±11; effluent 3±1–22±5 n/L, mean 9±3",ScienceDirect + PubMed primary records,Abstract/Conclusions,,,,DOI 10.1016/j.scitotenv.2023.167099,VERIFIED
PR0026-01,ST0026,MEASUREMENTS,M0026-S,Mean sediment abundance,386.07 ± 84.5 items/kg,ScienceDirect primary highlights + PubMed abstract,Highlights/Abstract,,,,DOI 10.1016/j.chemosphere.2022.134268,VERIFIED
PR0031-01,ST0031,STUDIES,ST0031,Study identity and compartments,"Seven crowded/famous eastern-coast beaches spanning ~1200 km; water, beach sand and fish",ScienceDirect + PubMed primary records,Highlights/Abstract,,,,DOI 10.1016/j.marpolbul.2023.115265,VERIFIED — NUMERIC ABUNDANCE NOT PROMOTED
PR0038-01,ST0038,METHODS_PROCESSING,MP0038-01,Sampling design,25 beaches; 1 kg sediment/site; five replicates; three 20 g subsamples,Wiley primary article abstract,Abstract,,,,DOI 10.1002/wer.11033,VERIFIED — NUMERIC ABUNDANCE NOT PROMOTED
PR0059-01,ST0059,MEASUREMENTS,M0059-S; M0059-SPR,Dal Lake dry sediment abundance,503–3154 MP/kg dry weight; mean 1539±633 n=30; spring 467–3445 MP/kg,ScienceDirect conclusion + PubMed abstract,Abstract/Conclusions,,,,DOI 10.1016/j.envpol.2024.125247,VERIFIED
,,,,,,,,,,,,
PR0084-HOLD,ST0084,STUDIES,ST0084,Source accessibility / extraction limitation,"Image-only PDF/source prevented defensible text extraction of detailed abundance, methods and QA/QC fields.",User-supplied primary PDF,Whole document — image-only source,,,,Bibliographic identity retained; unsupported fields intentionally not populated.,HOLD — IMAGE-ONLY / NOT DETERMINABLE
PR0006-COUNT,ST0006,MEASUREMENTS,M0006-04,Reported_Value_Text,2–178 particles/m²; mean 46.6 ± 37.2 particles/m²,Main article,Results / Table 1,Table 1,,,External review confirmed count-abundance result omitted from prior IMED measurement set.,Verified — GATE03P AI adjudication
PR0011-Z1,ST0011,SITES,SI0011-Z1,Latitude/Longitude,8°56′15.9″N; 76°32′51.0″E,Main article,Materials and methods,Table 1,,,"Dalavapuram (Ashtamudi estuary), Z1.",Verified — GATE03P AI adjudication
PR0011-Z2,ST0011,SITES,SI0011-Z2,Latitude/Longitude,9°07′21.7″N; 76°28′21.6″E,Main article,Materials and methods,Table 1,,,"Kayamkulam estuary, Z2.",Verified — GATE03P AI adjudication
PR0011-Z3,ST0011,SITES,SI0011-Z3,Latitude/Longitude,9°37′03.8″N; 76°22′16.7″E,Main article,Materials and methods,Table 1,,,"Muhamma (Vembanad Lake freshwater), Z3.",Verified — GATE03P AI adjudication
PR0011-Z4,ST0011,SITES,SI0011-Z4,Latitude/Longitude,10°07′33.1″N; 76°16′51.7″E,Main article,Materials and methods,Table 1,,,"Aluva (Periyar River freshwater), Z4.",Verified — GATE03P AI adjudication
PR0011-Z5,ST0011,SITES,SI0011-Z5,Latitude/Longitude,10°11′29.3″N; 76°11′32.4″E,Main article,Materials and methods,Table 1,,,"Sathar Island (Vembanad estuary), Z5.",Verified — GATE03P AI adjudication
PR0026-DW,ST0026,MEASUREMENTS,M0026-S,Mass_Basis,Dry weight,Main article,Methods §2.2 / Table 1,Table 1,,,1 kg fresh sediment dried at 65°C to constant weight; abundance table labels d.w.,Verified — GATE03P AI adjudication
PR0026-QC,ST0026,METHODS_QAQC,QA0026-01,Procedural_Blank,Blank experiments; no MPs detected,Main article,Methods §2.2,,,,DW/H2O2 prefiltered; vessels rinsed; blank experiments had no MPs.,Verified — GATE03P AI adjudication
PR0045-QC,ST0045,METHODS_QAQC,QA0045-01,Procedural_Blank,Procedural blank reported; negative result,Main article,Methods / QAQC,,,,"Precleaned glassware, laminar-flow bench and cotton lab coats also reported.",Verified — GATE03P AI adjudication
PR0059-QC,ST0059,METHODS_QAQC,QA0059-01,Procedural_Blank,Procedural blanks used,Main article,Methods §2.5,,,,Distilled-water cleaning; plastic tools avoided; cotton coats/nitrile gloves; foil-wrapped samples.,Verified — GATE03P AI adjudication
PR0093-QC,ST0093,METHODS_QAQC,QA0093-01,Blank_Correction,n=3 blanks/batch; 2.1 ± 0.8 items; batch-level subtraction,Main article,Methods pp. 2–3,,,,Procedural blanks and subtraction explicitly reported.,Verified — GATE03P AI adjudication
PR0093-PROC,ST0093,METHODS_PROCESSING,MP0093-01,Reported_Value_Text,50 g dry mass; 50°C/72 h; NaCl ~1.2 g/cm³; 30% H2O2,Main article,Methods pp. 2–3,,,,Processing details verified from full text.,Verified — GATE03P AI adjudication
PR0093-DISC,ST0093,SOURCE_DISCREPANCIES,DISC0093-01,Value_B,930.49 items/kg at T5 in June 2022,Main article,Global comparison / discussion,,,,Conflicts with reported temporal range 65–620 items/kg.,Verified — preserve discrepancy
PR0097-TH,ST0097,SITES,SI0097-TH,Latitude/Longitude,"9.73°N, 79.01°E",Main article,Fig. 1 / Methods,,Fig. 1,,Thondi coordinate.,Verified — GATE03P AI adjudication
PR0097-DE,ST0097,SITES,SI0097-DE,Latitude/Longitude,"9.48°N, 78.89°E",Main article,Fig. 1 / Methods,,Fig. 1,,Devipattinam coordinate.,Verified — GATE03P AI adjudication
PR0097-MA,ST0097,SITES,SI0097-MA,Latitude/Longitude,"9.28°N, 79.15°E",Main article,Fig. 1 / Methods,,Fig. 1,,Mandapam coordinate.,Verified — GATE03P AI adjudication
PR0097-RA,ST0097,SITES,SI0097-RA,Latitude/Longitude,"9.27°N, 79.31°E",Main article,Fig. 1 / Methods,,Fig. 1,,Rameswaram coordinate.,Verified — GATE03P AI adjudication
PR0097-ER,ST0097,SITES,SI0097-ER,Latitude/Longitude,"9.20°N, 78.72°E",Main article,Fig. 1 / Methods,,Fig. 1,,Ervadi coordinate.,Verified — GATE03P AI adjudication
PR0097-MO,ST0097,SITES,SI0097-MO,Latitude/Longitude,"9.12°N, 78.48°E",Main article,Fig. 1 / Methods,,Fig. 1,,Mookaiyur coordinate.,Verified — GATE03P AI adjudication
PR0097-METHOD,ST0097,METHODS_PROCESSING,MP0097-03,Reported_Value_Text,Stereomicroscopy + ATR-FTIR (Cary 630); 100 g dry sediment; 11 µm filter,Main article,Methods pp. 2–3,,,,Full method details verified during GATE03P AI review.,Verified — GATE03P AI adjudication
PR0006-HR1-MORPH,ST0006,PARTICLE_CHARACTERISTICS,PC0006-R1-FRAG:PC0006-R1-FOAM,Morphology distribution,Fragments ~47–50%; line/fibres ~24–27%; foam ~10–19%,Main article + external human GATE03P R1,Abstract/results/figures,,Fig. 4,,Primary paper reports fragments as dominant and approximate morphology proportions.,Verified via human GATE03P R1
PR0006-HR1-POL,ST0006,POLYMERS,POL0006-R1-PE:POL0006-R1-PS,FTIR subset,"448 selected particles; 368 HTL, 80 LTL; PE/PP/PS principal",Main article + external human GATE03P R1,Methods/results,,Fig. 5,,Chemical-confirmation subset and principal polymers added without implying all particles were chemically confirmed.,Verified via human GATE03P R1
PR0011-HR1-MASS,ST0011,SAMPLES/MEASUREMENTS,SA0011-BIV-DG; SA0011-BIV-GILL; M0011-BIV; M0011-DGMAX; M0011-GMAX,Mass_Basis,Not Determinable,Main article + external human GATE03P R1,"Methods tissue digestion, approx. p.3",,,,Paper states 0.3 g tissue aliquots but does not explicitly state wet-weight denominator.,Verified via human GATE03P R1
PR0011-HR1-SIZE,ST0011,SIZE_METHODS,SZ0011-B,Observed size range/classes,"40–3890 µm; <1, 1–2, 2–3, 3–4 mm",Main article + external human GATE03P R1,"Results / Fig. 5b, approx. p.6",,Fig. 5b,,Observed range retained separately from filter pore and analytical lower limit.,Verified via human GATE03P R1
PR0018-HR1-SIZE,ST0018,SIZE_METHODS,SZ0018-N; SZ0018-L,Analytical lower limit,Not Reported; operational reporting bin begins 10 µm,Main article + external human GATE03P R1,"Particle sizing, approx. pp.6–7",,,,"10 µm is start of reporting class, not demonstrated analytical detection limit.",Verified via human GATE03P R1
PR0026-HR1-SAMP,ST0026,STUDIES/SAMPLES,ST0026; SA0026-S,Sampling design,January 2021; 14 sites; ~1 kg sediment/locality,Main article + external human GATE03P R1,"Methods §2.1, approx. p.3",,,,Explicit source sampling-design details.,Verified via human GATE03P R1
PR0026-HR1-RANGE,ST0026,MEASUREMENTS,M0026-S,Abundance range,187.00 ± 103.00 to 699 ± 66.00 items/kg; mean 386.07 ± 84.5,Main article + external human GATE03P R1,"Results / Fig.3, approx. p.6",,Fig. 3,,Site range added alongside pooled mean.,Verified via human GATE03P R1
PR0026-HR1-SIZE,ST0026,SIZE_METHODS,SZ0026-R1,Size classes,<0.1; 0.1–0.5; 0.5–1; 1–3; 3–5 mm,Main article + external human GATE03P R1,Methods/results / Fig.3A,,Fig. 3A,,Class boundary not treated as analytical detection limit.,Verified via human GATE03P R1
PR0026-HR1-COLOR,ST0026,PARTICLE_CHARACTERISTICS,PC0026-C5,Color — Others,9%,Main article + external human GATE03P R1,"Results, approx. pp.6–7",,,,Completes source-reported color context.,Verified via human GATE03P R1
PR0045-HR1-SAMP,ST0045,STUDIES/SAMPLES,ST0045; SA0045-GJ; SA0045-TN,Sampling/analysis design,May–Aug 2018; 5 powder + 3 crystal packets/state; ~200 g analyzed,Main article + external human GATE03P R1,"Methods, approx. p.3",,,,Sampling period and 200-g denominator context added.,Verified via human GATE03P R1
PR0045-HR1-SIZE,ST0045,SIZE_METHODS,SZ0045-GJ-R1; SZ0045-TN-R1,Size distribution,100–200 37.7%; 200–500 31.2%; 500–1000 16.2%; >1 mm 15%; some fragments >5 mm,Main article + external human GATE03P R1,"Results/Fig.4, approx. p.5",,Fig. 4,,Observed/reporting classes; no analytical lower limit inferred.,Verified via human GATE03P R1
PR0045-HR1-MORPH,ST0045,PARTICLE_CHARACTERISTICS,PC0045-R1-FIB:PC0045-R1-IRR,Morphology,Fiber 88.5%; film 4.9%; pellet 2.9%; irregular 3.7%,Main article + external human GATE03P R1,"Results/Fig.2, approx. p.5",,Fig. 2,,Study-level pooled morphology.,Verified via human GATE03P R1
PR0045-HR1-POL,ST0045,POLYMERS,POL0045-01; POL0045-R1-PE:POL0045-R1-PVC,Chemical confirmation extent,"27/1075 analyzed; ~90.3% identified as MP; PE 78%, polyester 19%, PVC 3%",Main article + external human GATE03P R1,"Results/Fig.3, approx. p.5",,Fig. 3,,Subset denominator prevents percentages being misread as all-particle composition.,Verified via human GATE03P R1
PR0059-HR1-SAMP,ST0059,SAMPLES,SA0059-S,Sampling design,30 samples; 15/basin; 0–6 cm; ~1 kg; glass container; foil; 2°C,Main article + external human GATE03P R1,"Methods §2.1, approx. p.3",,,,Explicit sampling-design details.,Verified via human GATE03P R1
PR0059-HR1-MORPH,ST0059,PARTICLE_CHARACTERISTICS,PC0059-01; PC0059-R1-GFF:PC0059-R1-NFF,Morphology,"Gagribal fibers 61.8%, fragments/films 36.7%, pellets 1.5%; Nigeen fibers 64.6%, fragments/films 35.4%",Main article + external human GATE03P R1,"Results / Fig. S3c-d discussion, approx. p.5",,Fig. S3c/d,,Corrects morphology/polymer conflation.,Verified via human GATE03P R1
PR0059-HR1-SIZE,ST0059,SIZE_METHODS,SZ0059-R1,Size distribution context,Basin-specific classes; includes 0.3–<1 mm fraction in Gagribal,Main article + external human GATE03P R1,"Results/supplement discussion, approx. p.5",,,Supporting information not supplied,No supplement-only numerical values reconstructed.,Partially verified; supplement-only details remain unavailable
PR0089-HR1-COORD,ST0089,SITES,SI0089-01:SI0089-04,Author-reported coordinates,Four DMS site coordinates converted to decimal,Published article + external human GATE03P R1,"Study Area / Table 1 context, p.5",Table 1,Fig. 1,,Exact DMS coordinates are printed in Version of Record; decimals are conversions.,Verified via human GATE03P R1
PR0089-HR1-FTIR,ST0089,METHODS_PROCESSING/POLYMERS,MP0089-05; POL0089-01:POL0089-10,Library match threshold,≥80%,Published article + external human GATE03P R1,"Methods §2.5, p.8",,,,Minimum 80% spectral library match accepted as confirmation.,Verified via human GATE03P R1
PR0093-HR1-SIZE,ST0093,SIZE_METHODS/PARTICLE_CHARACTERISTICS,SZ0093-01; PC0093-04:PC0093-06,Size classes,"<100; 100–500; 500–1000 µm; ranges 17.3–34.3%, 38.2–54.3%, 22.8–34.6%",Main article + external human GATE03P R1,"Results §3.1.1, p.7",,"Figs. 3, S2, S3",,Detailed results include <100 µm although abstract states 100 µm–1 mm.,Verified via human GATE03P R1
PR0097-HR1-SIZE,ST0097,SIZE_METHODS,SZ0097-R1,Size classes,<0.5; 0.5–1; 1–2; 2–3; 3–4; 4–5 mm,Main article + external human GATE03P R1,"Methods morphological characterization, approx. p.3",,,,Full supplied article exposes bin scheme; 1–2 mm = 23.48%.,Verified via human GATE03P R1
PR0097-HR1-QC,ST0097,METHODS_QAQC,QA0097-01,QA/QC,Three procedural blanks; 0 MPs; 11 µm prefiltration; cleaned glassware; cotton coats/nitrile gloves; foil covering,Main article + external human GATE03P R1,"QA/QC Methods, approx. p.4",,,,Explicit contamination controls replace stale Not Reported fields.,Verified via human GATE03P R1
PR0097-HR1-POL,ST0097,POLYMERS,POL0097-01; POL0097-02,Polymer method,Diamond ATR-FTIR Agilent Cary 630; 4000–600 cm⁻¹; 32 scans; 4 cm⁻¹; Agilent ATR library,Main article + external human GATE03P R1,"Methods, approx. p.3",,,,SEM separately used for surface-weathering characterization.,Verified via human GATE03P R1
