Sample_ID,Study_ID,Site_ID,Matrix,Submatrix,Sampling_Position,Treatment_Stage,Sample_Date_Start,Sample_Date_End,Sampling_Method,Sample_Amount,Sample_Amount_Unit,N_Replicates,Composite_or_Individual,Depth_Value,Depth_Unit,Sampling_Duration_days,Sample_Storage,Mass_Basis,Group_Label,Temporal_Representativeness,Protocol_Variant
SA0003-WAT,ST0003,SI0003-01,Freshwater,Lake water,,,2018-08,2018-08,Plankton net,,,6,Study sample set,,,,,,Water,,
SA0003-SED,ST0003,SI0003-01,Sediment,Lake sediment,,,2018-08,2018-08,Van Veen grab,,,32,Study sample set,,,,,Not Reported,Sediment,,
SA0006-HTL,ST0006,SI0006-01,Sediment,Beach sediment,High tide line,,2017-09,2017-09,1 m × 1 m quadrat; ~5 cm depth,15,L,25,Grouped across beaches,5,cm,,,,HTL,,
SA0006-LTL,ST0006,SI0006-01,Sediment,Beach sediment,Low tide line,,2017-09,2017-09,1 m × 1 m quadrat; ~5 cm depth,15,L,25,Grouped across beaches,5,cm,,,,LTL,,
SA0006-FISH,ST0006,SI0006-01,Biota,Fish gut,,,2017-09,2017-09,,,,79,Individuals,,,,,,5 species,,
SA0009-ED,ST0009,SI0009-01,Biota,Fish edible tissue,,,2017-12,2018-05,Purchased from ring-seine operators,,,270,Individuals,,,,,Wet tissue,Fillet + skin,,Edible-tissue digestion protocol
SA0009-INED,ST0009,SI0009-01,Biota,Fish inedible tissue,,,2017-12,2018-05,Purchased from ring-seine operators,,,270,Individuals,,,,,Wet tissue,Gill + viscera,,Inedible-tissue digestion protocol
SA0013-KAL,ST0013,SI0013-01,Atmospheric deposition,Total atmospheric deposition,,,2023-12,2024-02,Settle glass jars at 3 m,,,3,Replicate collectors,,,Not Determinable,,,Kaliachak,,
SA0013-SUJ,ST0013,SI0013-02,Atmospheric deposition,Total atmospheric deposition,,,2023-12,2024-02,Settle glass jars at 3 m,,,3,Replicate collectors,,,Not Determinable,,,Sujapur,,
SA0013-EB,ST0013,SI0013-03,Atmospheric deposition,Total atmospheric deposition,,,2023-12,2024-02,Settle glass jars at 3 m,,,3,Replicate collectors,,,Not Determinable,,,English Bazar,,
SA0019-INF,ST0019,SI0019-01,Wastewater,Raw wastewater,Influent,Influent,2024-07,2024-07,Grab sampling; stainless-steel bucket,,,,Process stream,,,,4 °C,,Influent,Single sampling month (July 2024),
SA0019-EFF,ST0019,SI0019-01,Wastewater,Treated water,Effluent,Effluent,2024-07,2024-07,Grab sampling; stainless-steel bucket,,,,Process stream,,,,4 °C,,Effluent,Single sampling month (July 2024),
SA0019-SLU,ST0019,SI0019-01,Sludge,WWTP sludge,Sludge,Sludge,2024-07,2024-07,Steel container,,,,Process stream,,,,4 °C,Dry weight,Sludge,Single sampling month (July 2024),
SA0015-AIR,ST0015,SI0015-AIR,Atmosphere,Suspended particulate matter / aerosols,IESD-BHU roof,,2019-04,2019-06,High-volume dust sampler APM-BL 460; GF/A Whatman 10×8 inch glass-fiber filters; <10 µm and >10 µm fractions collected,,,,Replicates reported; exact N not stated in main article,,,,,,Aerosol,Dry season Apr–Jun 2019,
SA0015-DUST,ST0015,SI0015-DUST,Street dust,Roadside street dust,"Road surface near kerb, both sides",,2019-04,2019-06,Anti-static wooden brush + metal pan,50,g composite/site,6,Composite by site,,,,,Dry,Street dust,Dry season Apr–Jun 2019,15 g aliquot used for processing/reporting
SA0016-01,ST0016,SI0016-01,Street dust,Road dust,1 m² street quadrat,,2019-05,2019-05,Sweeping with small paint brush; metal pan; sterile paper bag,100,g processed aliquot,3,Three technical replicates,,,,,Dry,South Chennai,Single dry-season month,
SA0016-02,ST0016,SI0016-02,Street dust,Road dust,1 m² street quadrat,,2019-05,2019-05,Sweeping with small paint brush; metal pan; sterile paper bag,100,g processed aliquot,3,Three technical replicates,,,,,Dry,South Chennai,Single dry-season month,
SA0016-03,ST0016,SI0016-03,Street dust,Road dust,1 m² street quadrat,,2019-05,2019-05,Sweeping with small paint brush; metal pan; sterile paper bag,100,g processed aliquot,3,Three technical replicates,,,,,Dry,South Chennai,Single dry-season month,
SA0016-04,ST0016,SI0016-04,Street dust,Road dust,1 m² street quadrat,,2019-05,2019-05,Sweeping with small paint brush; metal pan; sterile paper bag,100,g processed aliquot,3,Three technical replicates,,,,,Dry,South Chennai,Single dry-season month,
SA0016-05,ST0016,SI0016-05,Street dust,Road dust,1 m² street quadrat,,2019-05,2019-05,Sweeping with small paint brush; metal pan; sterile paper bag,100,g processed aliquot,3,Three technical replicates,,,,,Dry,South Chennai,Single dry-season month,
SA0016-06,ST0016,SI0016-06,Street dust,Road dust,1 m² street quadrat,,2019-05,2019-05,Sweeping with small paint brush; metal pan; sterile paper bag,100,g processed aliquot,3,Three technical replicates,,,,,Dry,South Chennai,Single dry-season month,
SA0016-07,ST0016,SI0016-07,Street dust,Road dust,1 m² street quadrat,,2019-05,2019-05,Sweeping with small paint brush; metal pan; sterile paper bag,100,g processed aliquot,3,Three technical replicates,,,,,Dry,South Chennai,Single dry-season month,
SA0016-08,ST0016,SI0016-08,Street dust,Road dust,1 m² street quadrat,,2019-05,2019-05,Sweeping with small paint brush; metal pan; sterile paper bag,100,g processed aliquot,3,Three technical replicates,,,,,Dry,South Chennai,Single dry-season month,
SA0016-09,ST0016,SI0016-09,Street dust,Road dust,1 m² street quadrat,,2019-05,2019-05,Sweeping with small paint brush; metal pan; sterile paper bag,100,g processed aliquot,3,Three technical replicates,,,,,Dry,North Chennai,Single dry-season month,
SA0016-10,ST0016,SI0016-10,Street dust,Road dust,1 m² street quadrat,,2019-05,2019-05,Sweeping with small paint brush; metal pan; sterile paper bag,100,g processed aliquot,3,Three technical replicates,,,,,Dry,North Chennai,Single dry-season month,
SA0016-11,ST0016,SI0016-11,Street dust,Road dust,1 m² street quadrat,,2019-05,2019-05,Sweeping with small paint brush; metal pan; sterile paper bag,100,g processed aliquot,3,Three technical replicates,,,,,Dry,North Chennai,Single dry-season month,
SA0016-12,ST0016,SI0016-12,Street dust,Road dust,1 m² street quadrat,,2019-05,2019-05,Sweeping with small paint brush; metal pan; sterile paper bag,100,g processed aliquot,3,Three technical replicates,,,,,Dry,North Chennai,Single dry-season month,
SA0016-13,ST0016,SI0016-13,Street dust,Road dust,1 m² street quadrat,,2019-05,2019-05,Sweeping with small paint brush; metal pan; sterile paper bag,100,g processed aliquot,3,Three technical replicates,,,,,Dry,North Chennai,Single dry-season month,
SA0016-14,ST0016,SI0016-14,Street dust,Road dust,1 m² street quadrat,,2019-05,2019-05,Sweeping with small paint brush; metal pan; sterile paper bag,100,g processed aliquot,3,Three technical replicates,,,,,Dry,North Chennai,Single dry-season month,
SA0016-15,ST0016,SI0016-15,Street dust,Road dust,1 m² street quadrat,,2019-05,2019-05,Sweeping with small paint brush; metal pan; sterile paper bag,100,g processed aliquot,3,Three technical replicates,,,,,Dry,North Chennai,Single dry-season month,
SA0016-16,ST0016,SI0016-16,Street dust,Road dust,1 m² street quadrat,,2019-05,2019-05,Sweeping with small paint brush; metal pan; sterile paper bag,100,g processed aliquot,3,Three technical replicates,,,,,Dry,North Chennai,Single dry-season month,
SA0017-SALT,ST0017,SI0017-01,Food,Commercial sea salt,,,2017-06,2017-09,Purchased commercial sea-salt packages,200,g per replicate,24,8 brands × 3 packages/brand,,,,,Product mass,Eight sea-salt brands,Market sampling Jun and Sep 2017,
SA0018-NAT,ST0018,SI0018-01,Drinking water,Bottled water,,,2021-01,2021-01,Purchased from grocery stores and/or street vendors,1,L/bottle,6,Six national brands,,,,,,National brand,Single month,
SA0018-LOC,ST0018,SI0018-01,Drinking water,Bottled water,,,2021-01,2021-01,Purchased from grocery stores and/or street vendors,1,L/bottle,6,Six local brands,,,,,,Local brand,Single month,
SA0020-01-IN,ST0020,SI0020-01,Wastewater,Domestic sewage,,Influent,,,Random sample; paper describes STP sampling conceptually,,,,21 total samples across 7 STPs; allocation not explicit in main text,,,,,,Influent,Sampling date not reported,
SA0020-01-EF,ST0020,SI0020-01,Wastewater,Domestic sewage,,Effluent,,,Random sample; paper describes STP sampling conceptually,,,,21 total samples across 7 STPs; allocation not explicit in main text,,,,,,Effluent,Sampling date not reported,
SA0020-02-IN,ST0020,SI0020-02,Wastewater,Domestic sewage,,Influent,,,Random sample; paper describes STP sampling conceptually,,,,21 total samples across 7 STPs; allocation not explicit in main text,,,,,,Influent,Sampling date not reported,
SA0020-02-EF,ST0020,SI0020-02,Wastewater,Domestic sewage,,Effluent,,,Random sample; paper describes STP sampling conceptually,,,,21 total samples across 7 STPs; allocation not explicit in main text,,,,,,Effluent,Sampling date not reported,
SA0020-03-IN,ST0020,SI0020-03,Wastewater,Domestic sewage,,Influent,,,Random sample; paper describes STP sampling conceptually,,,,21 total samples across 7 STPs; allocation not explicit in main text,,,,,,Influent,Sampling date not reported,
SA0020-03-EF,ST0020,SI0020-03,Wastewater,Domestic sewage,,Effluent,,,Random sample; paper describes STP sampling conceptually,,,,21 total samples across 7 STPs; allocation not explicit in main text,,,,,,Effluent,Sampling date not reported,
SA0020-04-IN,ST0020,SI0020-04,Wastewater,Domestic sewage,,Influent,,,Random sample; paper describes STP sampling conceptually,,,,21 total samples across 7 STPs; allocation not explicit in main text,,,,,,Influent,Sampling date not reported,
SA0020-04-EF,ST0020,SI0020-04,Wastewater,Domestic sewage,,Effluent,,,Random sample; paper describes STP sampling conceptually,,,,21 total samples across 7 STPs; allocation not explicit in main text,,,,,,Effluent,Sampling date not reported,
SA0020-05-IN,ST0020,SI0020-05,Wastewater,Domestic sewage,,Influent,,,Random sample; paper describes STP sampling conceptually,,,,21 total samples across 7 STPs; allocation not explicit in main text,,,,,,Influent,Sampling date not reported,
SA0020-05-EF,ST0020,SI0020-05,Wastewater,Domestic sewage,,Effluent,,,Random sample; paper describes STP sampling conceptually,,,,21 total samples across 7 STPs; allocation not explicit in main text,,,,,,Effluent,Sampling date not reported,
SA0020-06-IN,ST0020,SI0020-06,Wastewater,Domestic sewage,,Influent,,,Random sample; paper describes STP sampling conceptually,,,,21 total samples across 7 STPs; allocation not explicit in main text,,,,,,Influent,Sampling date not reported,
SA0020-06-EF,ST0020,SI0020-06,Wastewater,Domestic sewage,,Effluent,,,Random sample; paper describes STP sampling conceptually,,,,21 total samples across 7 STPs; allocation not explicit in main text,,,,,,Effluent,Sampling date not reported,
SA0020-07-IN,ST0020,SI0020-07,Wastewater,Domestic sewage,,Influent,,,Random sample; paper describes STP sampling conceptually,,,,21 total samples across 7 STPs; allocation not explicit in main text,,,,,,Influent,Sampling date not reported,
SA0020-07-EF,ST0020,SI0020-07,Wastewater,Domestic sewage,,Effluent,,,Random sample; paper describes STP sampling conceptually,,,,21 total samples across 7 STPs; allocation not explicit in main text,,,,,,Effluent,Sampling date not reported,
SA0001-WAT,ST0001,SI0001-01,Freshwater,Lake water,,,,,Water samples from ten sites; detailed collection method not reported in proceedings,,,10,Study sample set,,,,,,Vembanad water survey,Conference summary only,
SA0002-S01,ST0002,SI0002-01,Sediment,Lake/estuarine sediment,,,2016-03,2016-04,Van Veen grab (25 cm²),,,2,Replicate sediment samples,,,,Air dried in glass trays under aluminium foil,,Site 1,Premonsoon survey,Common sediment protocol
SA0002-S02,ST0002,SI0002-02,Sediment,Lake/estuarine sediment,,,2016-03,2016-04,Van Veen grab (25 cm²),,,2,Replicate sediment samples,,,,Air dried in glass trays under aluminium foil,,Site 2,Premonsoon survey,Common sediment protocol
SA0002-S03,ST0002,SI0002-03,Sediment,Lake/estuarine sediment,,,2016-03,2016-04,Van Veen grab (25 cm²),,,2,Replicate sediment samples,,,,Air dried in glass trays under aluminium foil,,Site 3,Premonsoon survey,Common sediment protocol
SA0002-S04,ST0002,SI0002-04,Sediment,Lake/estuarine sediment,,,2016-03,2016-04,Van Veen grab (25 cm²),,,2,Replicate sediment samples,,,,Air dried in glass trays under aluminium foil,,Site 4,Premonsoon survey,Common sediment protocol
SA0002-S05,ST0002,SI0002-05,Sediment,Lake/estuarine sediment,,,2016-03,2016-04,Van Veen grab (25 cm²),,,2,Replicate sediment samples,,,,Air dried in glass trays under aluminium foil,,Site 5,Premonsoon survey,Common sediment protocol
SA0002-S06,ST0002,SI0002-06,Sediment,Lake/estuarine sediment,,,2016-03,2016-04,Van Veen grab (25 cm²),,,2,Replicate sediment samples,,,,Air dried in glass trays under aluminium foil,,Site 6,Premonsoon survey,Common sediment protocol
SA0002-S07,ST0002,SI0002-07,Sediment,Lake/estuarine sediment,,,2016-03,2016-04,Van Veen grab (25 cm²),,,2,Replicate sediment samples,,,,Air dried in glass trays under aluminium foil,,Site 7,Premonsoon survey,Common sediment protocol
SA0002-S08,ST0002,SI0002-08,Sediment,Lake/estuarine sediment,,,2016-03,2016-04,Van Veen grab (25 cm²),,,2,Replicate sediment samples,,,,Air dried in glass trays under aluminium foil,,Site 8,Premonsoon survey,Common sediment protocol
SA0002-S09,ST0002,SI0002-09,Sediment,Lake/estuarine sediment,,,2016-03,2016-04,Van Veen grab (25 cm²),,,2,Replicate sediment samples,,,,Air dried in glass trays under aluminium foil,,Site 9,Premonsoon survey,Common sediment protocol
SA0002-S10,ST0002,SI0002-10,Sediment,Lake/estuarine sediment,,,2016-03,2016-04,Van Veen grab (25 cm²),,,2,Replicate sediment samples,,,,Air dried in glass trays under aluminium foil,,Site 10,Premonsoon survey,Common sediment protocol
SA0004-SED,ST0004,SI0004-00,Sediment,Shoreline/floodplain sediment,,,2019-04,2019-04,30×30 cm² quadrat; top 2–5 cm; stainless-steel scoop,,,15,3 spots × 5 locations,2,cm (lower end); 5 cm upper,,4°C after transfer to laboratory,Dry weight,Five-site pooled sediment,Single April 2019 survey,Sediment protocol
SA0004-WAT,ST0004,SI0004-00,Freshwater,River water,,,2019-04,2019-04,300 µm plankton net towed ~100–500 m,,,15,3 spots × 5 locations,,,,4°C after transfer to laboratory,,Five-site pooled water,Single April 2019 survey,Water protocol
SA0005-B01,ST0005,SI0005-01,Sediment,Beach surface plastic debris,High tide line,,2016-12,2017-02,1×1 m quadrat; 10 quadrats/beach,1,m² quadrat,10,Beach quadrats,,,,,,Microplastics ~1–5 mm,Dec 2016–Feb 2017 survey,Visual sorting + ATR-FTIR polymer identification
SA0005-B02,ST0005,SI0005-02,Sediment,Beach surface plastic debris,High tide line,,2016-12,2017-02,1×1 m quadrat; 10 quadrats/beach,1,m² quadrat,10,Beach quadrats,,,,,,Microplastics ~1–5 mm,Dec 2016–Feb 2017 survey,Visual sorting + ATR-FTIR polymer identification
SA0005-B03,ST0005,SI0005-03,Sediment,Beach surface plastic debris,High tide line,,2016-12,2017-02,1×1 m quadrat; 10 quadrats/beach,1,m² quadrat,10,Beach quadrats,,,,,,Microplastics ~1–5 mm,Dec 2016–Feb 2017 survey,Visual sorting + ATR-FTIR polymer identification
SA0005-B04,ST0005,SI0005-04,Sediment,Beach surface plastic debris,High tide line,,2016-12,2017-02,1×1 m quadrat; 10 quadrats/beach,1,m² quadrat,10,Beach quadrats,,,,,,Microplastics ~1–5 mm,Dec 2016–Feb 2017 survey,Visual sorting + ATR-FTIR polymer identification
SA0008-WAT,ST0008,SI0008-01,Marine water,Surface water,5–20 m depth transect,,2018-10,2019-09,200 µm Working Party Net; 1 knot; 10 min haul,,,,Triplicate/station/month,,,,4% formalin,,Surface water,8 sampled months,Common water protocol
SA0008-SED,ST0008,SI0008-01,Sediment,Marine sediment,5–20 m depth transect,,2018-10,2019-09,Van Veen grab 0.075 m²; triplicate,,,,Triplicate/station/month,,,,4% formalin,Not Reported,Sediment,8 sampled months,Common sediment protocol
SA0008-FISH,ST0008,SI0008-01,Biota,Fish gut,,,2018-10,2019-09,Experimental bottom trawl catches,,,653,Individuals,,,,,,16 fish species,Seasonal,Fish gut WPO protocol
SA0010-OYS,ST0010,SI0010-01,Biota,Oyster soft tissue,,,,,Hand-collected Magallana bilineata from submerged rock boulders,,,180,Individuals,,,,-20°C,Wet tissue,Four oyster size classes,Single study survey,10% KOH + NaI
SA0010-WAT,ST0010,SI0010-01,Marine water,Surface water,Top 20 cm,,,,1 L surface water; 333 µm stainless-steel manta trawl net; triplicate/site,1,L,3,Triplicate/site,20,cm,,5% formaldehyde,,Three sites,Single study survey,Water protocol
SA0010-SED,ST0010,SI0010-01,Sediment,Coastal sediment,Top 3 cm,,,,Van Veen grab; ~1 kg; triplicate/site,1,kg,3,Triplicate/site,3,cm,,4°C,,Three sites,Single study survey,Sediment protocol
SA0011-WAT,ST0011,SI0011-00,Surface water,Estuary/river/lake water,,,2019-01,2019-02,Stainless-steel bucket; 6 L/location,6,L,,Five locations,,,,4°C,,Five zones,Jan–Feb 2019,WPO + 0.3 mm sieve + 1.2 µm filter
SA0011-BIV-DG,ST0011,SI0011-00,Biota,Bivalve digestive gland,,,2019-01,2019-02,Six bivalves/species/location; 0.3 g tissue aliquots,0.3,g,3,Triplicate tissue analysis,,,,-80°C before analysis,Not Determinable,Digestive gland,Jan–Feb 2019,Proteinase-K enzymatic digestion
SA0011-BIV-GILL,ST0011,SI0011-00,Biota,Bivalve gill,,,2019-01,2019-02,Six bivalves/species/location; 0.3 g tissue aliquots,0.3,g,3,Triplicate tissue analysis,,,,-80°C before analysis,Not Determinable,Gill,Jan–Feb 2019,Proteinase-K enzymatic digestion
SA0012-GOA-SURF,ST0012,SI0012-GOA,Soil,Agricultural paddy soil,,,2024-12,2024-12,Composite soil sample; surface five subsamples; subsurface three diagonal trenches,400,g dry,,Composite,0,cm,,Aluminum containers,Dry weight,GOA SURF cm,December 2024,Common soil protocol
SA0012-GOA-10,ST0012,SI0012-GOA,Soil,Agricultural paddy soil,,,2024-12,2024-12,Composite soil sample; surface five subsamples; subsurface three diagonal trenches,400,g dry,,Composite,10,cm,,Aluminum containers,Dry weight,GOA 10 cm,December 2024,Common soil protocol
SA0012-GOA-20,ST0012,SI0012-GOA,Soil,Agricultural paddy soil,,,2024-12,2024-12,Composite soil sample; surface five subsamples; subsurface three diagonal trenches,400,g dry,,Composite,20,cm,,Aluminum containers,Dry weight,GOA 20 cm,December 2024,Common soil protocol
SA0012-GOA-30,ST0012,SI0012-GOA,Soil,Agricultural paddy soil,,,2024-12,2024-12,Composite soil sample; surface five subsamples; subsurface three diagonal trenches,400,g dry,,Composite,30,cm,,Aluminum containers,Dry weight,GOA 30 cm,December 2024,Common soil protocol
SA0012-UDP-SURF,ST0012,SI0012-UDP,Soil,Agricultural paddy soil,,,2024-12,2024-12,Composite soil sample; surface five subsamples; subsurface three diagonal trenches,400,g dry,,Composite,0,cm,,Aluminum containers,Dry weight,UDP SURF cm,December 2024,Common soil protocol
SA0012-UDP-10,ST0012,SI0012-UDP,Soil,Agricultural paddy soil,,,2024-12,2024-12,Composite soil sample; surface five subsamples; subsurface three diagonal trenches,400,g dry,,Composite,10,cm,,Aluminum containers,Dry weight,UDP 10 cm,December 2024,Common soil protocol
SA0012-UDP-20,ST0012,SI0012-UDP,Soil,Agricultural paddy soil,,,2024-12,2024-12,Composite soil sample; surface five subsamples; subsurface three diagonal trenches,400,g dry,,Composite,20,cm,,Aluminum containers,Dry weight,UDP 20 cm,December 2024,Common soil protocol
SA0012-UDP-30,ST0012,SI0012-UDP,Soil,Agricultural paddy soil,,,2024-12,2024-12,Composite soil sample; surface five subsamples; subsurface three diagonal trenches,400,g dry,,Composite,30,cm,,Aluminum containers,Dry weight,UDP 30 cm,December 2024,Common soil protocol
SA0014-AMP1,ST0014,SI0014-01,Atmospheric deposition,Total atmospheric fallout,Rooftop,,2021-10-20,,Passive stainless-steel/glass funnel collector; weekly,,,18,Weekly samples,16,m collector height,7,,,AMP-1,18-week campaign,Common atmospheric protocol
SA0014-AMP2,ST0014,SI0014-02,Atmospheric deposition,Total atmospheric fallout,Rooftop,,2021-10-20,,Passive stainless-steel/glass funnel collector; weekly,,,18,Weekly samples,14,m collector height,7,,,AMP-2,18-week campaign,Common atmospheric protocol
SA0014-AMP3,ST0014,SI0014-03,Atmospheric deposition,Total atmospheric fallout,Rooftop,,2021-10-20,,Passive stainless-steel/glass funnel collector; weekly,,,18,Weekly samples,16,m collector height,7,,,AMP-3,18-week campaign,Common atmospheric protocol
SA0005-B05,ST0005,SI0005-05,Sediment,Beach surface plastic debris,High tide line,,2016-12,2017-02,1×1 m quadrat; 10 quadrats/beach,1,m² quadrat,10,Beach quadrats,,,,,,Microplastics ~1–5 mm,Dec 2016–Feb 2017 survey,Visual sorting + ATR-FTIR polymer identification
SA0005-B06,ST0005,SI0005-06,Sediment,Beach surface plastic debris,High tide line,,2016-12,2017-02,1×1 m quadrat; 10 quadrats/beach,1,m² quadrat,10,Beach quadrats,,,,,,Microplastics ~1–5 mm,Dec 2016–Feb 2017 survey,Visual sorting + ATR-FTIR polymer identification
SA0005-B07,ST0005,SI0005-07,Sediment,Beach surface plastic debris,High tide line,,2016-12,2017-02,1×1 m quadrat; 10 quadrats/beach,1,m² quadrat,10,Beach quadrats,,,,,,Microplastics ~1–5 mm,Dec 2016–Feb 2017 survey,Visual sorting + ATR-FTIR polymer identification
SA0005-B08,ST0005,SI0005-08,Sediment,Beach surface plastic debris,High tide line,,2016-12,2017-02,1×1 m quadrat; 10 quadrats/beach,1,m² quadrat,10,Beach quadrats,,,,,,Microplastics ~1–5 mm,Dec 2016–Feb 2017 survey,Visual sorting + ATR-FTIR polymer identification
SA0005-B09,ST0005,SI0005-09,Sediment,Beach surface plastic debris,High tide line,,2016-12,2017-02,1×1 m quadrat; 10 quadrats/beach,1,m² quadrat,10,Beach quadrats,,,,,,Microplastics ~1–5 mm,Dec 2016–Feb 2017 survey,Visual sorting + ATR-FTIR polymer identification
SA0005-B10,ST0005,SI0005-10,Sediment,Beach surface plastic debris,High tide line,,2016-12,2017-02,1×1 m quadrat; 10 quadrats/beach,1,m² quadrat,10,Beach quadrats,,,,,,Microplastics ~1–5 mm,Dec 2016–Feb 2017 survey,Visual sorting + ATR-FTIR polymer identification
SA0007-J19,ST0007,SI0007-00,Sediment,Nearshore marine sediment,1 km and 10 km transects,,2019-07,2019-07,Sediment survey across 22 offshore sites/transects,50,g dry,,Season-pooled analytical unit,,,,,Dry weight,July 2019,Seasonal campaign,Common sediment protocol
SA0007-JAN20,ST0007,SI0007-00,Sediment,Nearshore marine sediment,1 km and 10 km transects,,2020-01,2020-01,Sediment survey across 22 offshore sites/transects,50,g dry,,Season-pooled analytical unit,,,,,Dry weight,January 2020,Seasonal campaign,Common sediment protocol
SA0007-J20,ST0007,SI0007-00,Sediment,Nearshore marine sediment,1 km and 10 km transects,,2020-07,2020-07,Sediment survey across 22 offshore sites/transects,50,g dry,,Season-pooled analytical unit,,,,,Dry weight,July 2020,Seasonal campaign,Common sediment protocol
SA0072-UP,ST0072,SI0072-01,Sediment,River-bank sediment,Upstream of KRS Dam,,,,Steel shovel; river-bank sediment at 10–20 cm depth,,,,Grouped sampling sites,10,cm (range 10–20),,Aluminium carry bags,Air-dried,Upstream,Pre-monsoon April–August; year not explicitly stated in extracted methods,Same sediment protocol
SA0072-DN,ST0072,SI0072-01,Sediment,River-bank sediment,Downstream of KRS Dam,,,,Steel shovel; river-bank sediment at 10–20 cm depth,,,,Grouped sampling sites,10,cm (range 10–20),,Aluminium carry bags,Air-dried,Downstream,Pre-monsoon April–August; year not explicitly stated in extracted methods,Same sediment protocol
SA0077-WAT,ST0077,SI0077-01,Freshwater,Lake surface water,0–20 cm surface layer,,2024-03,2024-03,1 L grab; three subsamples within 3 m combined to one composite sample per site,1,L,13,Composite per site,0,cm (surface layer 0–20),,Stainless-steel thermos; stored <4°C,,13 Loktak sites,Single pre-monsoon campaign,Triplicate subsamples composited at each site
SA0080-W1,ST0080,SI0080-01,Freshwater,River water,0.5 m below surface,,2024-11,2024-11,Pre-cleaned glass bottle; three independent 1-L samples/site,1,L,3,Independent,0.5,m,,Glass bottle,,Site 1 water,Single November 2024 campaign,NOAA contamination-avoidance protocol
SA0080-S1,ST0080,SI0080-01,Sediment,River sediment,15 cm depth,,2024-11,2024-11,Stainless-steel shovel; three independent 1-kg samples/site,1,kg,3,Independent,15,cm,,Aluminium foil,Dry weight,Site 1 sediment,Single November 2024 campaign,50 g dry subsample processed per 1-kg batch
SA0080-W2,ST0080,SI0080-02,Freshwater,River water,0.5 m below surface,,2024-11,2024-11,Pre-cleaned glass bottle; three independent 1-L samples/site,1,L,3,Independent,0.5,m,,Glass bottle,,Site 2 water,Single November 2024 campaign,NOAA contamination-avoidance protocol
SA0080-S2,ST0080,SI0080-02,Sediment,River sediment,15 cm depth,,2024-11,2024-11,Stainless-steel shovel; three independent 1-kg samples/site,1,kg,3,Independent,15,cm,,Aluminium foil,Dry weight,Site 2 sediment,Single November 2024 campaign,50 g dry subsample processed per 1-kg batch
SA0080-W3,ST0080,SI0080-03,Freshwater,River water,0.5 m below surface,,2024-11,2024-11,Pre-cleaned glass bottle; three independent 1-L samples/site,1,L,3,Independent,0.5,m,,Glass bottle,,Site 3 water,Single November 2024 campaign,NOAA contamination-avoidance protocol
SA0080-S3,ST0080,SI0080-03,Sediment,River sediment,15 cm depth,,2024-11,2024-11,Stainless-steel shovel; three independent 1-kg samples/site,1,kg,3,Independent,15,cm,,Aluminium foil,Dry weight,Site 3 sediment,Single November 2024 campaign,50 g dry subsample processed per 1-kg batch
SA0081-MUM,ST0081,SI0081-01,Biota,Yellow clam soft tissue,,Fresh/field collected,2019-03,2020-01,Beach collection; two campaigns,50,individuals,50,Individual,,,,,Wet tissue,Mumbai,,
SA0081-RAT,ST0081,SI0081-02,Biota,Yellow clam soft tissue,,Fresh/field collected,2019-03,2020-01,Beach collection; two campaigns,50,individuals,50,Individual,,,,,Wet tissue,Ratnagiri,,
SA0081-SIN,ST0081,SI0081-03,Biota,Yellow clam soft tissue,,Fresh/field collected,2019-03,2020-01,Beach collection; two campaigns,50,individuals,50,Individual,,,,,Wet tissue,Sindhudurg,,
SA0082-CM1,ST0082,SI0082-01,Biota,Yellow clam soft tissue,,Fresh/field collected,,,Clam collection,30,individuals,30,Individual,,,,,Wet tissue,Station 1,,
SA0082-W1,ST0082,SI0082-01,Marine water,Foreshore coastal seawater,0–15 cm,,,,1 L from each of five locations,5,L,5,Location samples,0,cm,,,,Station 1,,
SA0082-S1,ST0082,SI0082-01,Sediment,Coastal sediment,0–20 cm,,,,1 kg from each of five locations,5,kg,5,Location samples,20,cm,,,Not Reported,Station 1,,
SA0082-CM2,ST0082,SI0082-02,Biota,Yellow clam soft tissue,,Fresh/field collected,,,Clam collection,30,individuals,30,Individual,,,,,Wet tissue,Station 2,,
SA0082-W2,ST0082,SI0082-02,Marine water,Foreshore coastal seawater,0–15 cm,,,,1 L from each of five locations,5,L,5,Location samples,0,cm,,,,Station 2,,
SA0082-S2,ST0082,SI0082-02,Sediment,Coastal sediment,0–20 cm,,,,1 kg from each of five locations,5,kg,5,Location samples,20,cm,,,Not Reported,Station 2,,
SA0082-CM3,ST0082,SI0082-03,Biota,Yellow clam soft tissue,,Fresh/field collected,,,Clam collection,30,individuals,30,Individual,,,,,Wet tissue,Station 3,,
SA0082-W3,ST0082,SI0082-03,Marine water,Foreshore coastal seawater,0–15 cm,,,,1 L from each of five locations,5,L,5,Location samples,0,cm,,,,Station 3,,
SA0082-S3,ST0082,SI0082-03,Sediment,Coastal sediment,0–20 cm,,,,1 kg from each of five locations,5,kg,5,Location samples,20,cm,,,Not Reported,Station 3,,
SA0083-FISH,ST0083,SI0083-01,Food,Salt-cured fish,Commercial product,,,,Commercial salt-cured fish collection,,,,Species/station groups,,,,Aluminium foil; woollen bags,,22 species / five stations,,
SA0083-SALT,ST0083,SI0083-01,Food,Commercial sea salt,Curing salt,,,,Associated curing salt collection,,,,Station groups,,,,,,Five stations,,
SA0085-FRESH,ST0085,SI0085-01,Biota,Indian mackerel edible muscle,,Fresh control,,,"Purchased fish; washed, dressed and degutted",50,individuals,50,Individual,,,,,Wet tissue,Fresh,,Unsalted control
SA0085-SALT,ST0085,SI0085-01,Food,Unrefined solar salt,Curing salt,,,,Salt used in controlled curing,,,,Bulk salt,,,,,,Solar salt,,
SA0085-11,ST0085,SI0085-01,Biota,Indian mackerel edible muscle,,Salted/dried — salt:fish 1:1,,,24 h salting; mechanical drying 45°C for 8 h,30,individuals,30,Individual,,,,,Wet tissue,1:1,,Salt:fish ratio 1:1
SA0085-13,ST0085,SI0085-01,Biota,Indian mackerel edible muscle,,Salted/dried — salt:fish 1:3,,,24 h salting; mechanical drying 45°C for 8 h,30,individuals,30,Individual,,,,,Wet tissue,1:3,,Salt:fish ratio 1:3
SA0085-15,ST0085,SI0085-01,Biota,Indian mackerel edible muscle,,Salted/dried — salt:fish 1:5,,,24 h salting; mechanical drying 45°C for 8 h,30,individuals,30,Individual,,,,,Wet tissue,1:5,,Salt:fish ratio 1:5
SA0085-17,ST0085,SI0085-01,Biota,Indian mackerel edible muscle,,Salted/dried — salt:fish 1:7,,,24 h salting; mechanical drying 45°C for 8 h,30,individuals,30,Individual,,,,,Wet tissue,1:7,,Salt:fish ratio 1:7
SA0085-110,ST0085,SI0085-01,Biota,Indian mackerel edible muscle,,Salted/dried — salt:fish 1:10,,,24 h salting; mechanical drying 45°C for 8 h,30,individuals,30,Individual,,,,,Wet tissue,1:10,,Salt:fish ratio 1:10
SA0086-AP-SHR,ST0086,SI0086-AP,Biota,L. vannamei edible tissue,,,,,Every 15 days post-stocking,40,shrimp/station/event,,Repeated temporal sampling,,,120,,Wet tissue,Inland saline Stations 1–6,120-day culture period,
SA0086-AP-WAT,ST0086,SI0086-AP,Aquaculture water,Pond water,,,,,Every 15 days post-stocking,10,L/station/event,,Repeated temporal sampling,,,120,,Not Reported,Inland saline Stations 1–6,120-day culture period,
SA0086-AP-SED,ST0086,SI0086-AP,Sediment,Pond sediment,,,,,Every 15 days post-stocking,2,kg/station/event,,Repeated temporal sampling,,,120,,Not Reported,Inland saline Stations 1–6,120-day culture period,
SA0086-AP-FED,ST0086,SI0086-AP,Food,Commercial shrimp feed,,,,,Every 15 days post-stocking,500,g/station/event,,Repeated temporal sampling,,,120,,Not Reported,Inland saline Stations 1–6,120-day culture period,
SA0086-GJ-SHR,ST0086,SI0086-GJ,Biota,L. vannamei edible tissue,,,,,Every 15 days post-stocking,40,shrimp/station/event,,Repeated temporal sampling,,,120,,Wet tissue,Coastal Stations 7–12,120-day culture period,
SA0086-GJ-WAT,ST0086,SI0086-GJ,Aquaculture water,Pond water,,,,,Every 15 days post-stocking,10,L/station/event,,Repeated temporal sampling,,,120,,Not Reported,Coastal Stations 7–12,120-day culture period,
SA0086-GJ-SED,ST0086,SI0086-GJ,Sediment,Pond sediment,,,,,Every 15 days post-stocking,2,kg/station/event,,Repeated temporal sampling,,,120,,Not Reported,Coastal Stations 7–12,120-day culture period,
SA0086-GJ-FED,ST0086,SI0086-GJ,Food,Commercial shrimp feed,,,,,Every 15 days post-stocking,500,g/station/event,,Repeated temporal sampling,,,120,,Not Reported,Coastal Stations 7–12,120-day culture period,
SA0087-LM-Fresh,ST0087,SI0087-01,Biota,Bivalve soft tissue,,Untreated control,2024-02,2024-04,Species-specific field collection followed by assigned treatment,30,individuals,30,Individual,,,,,Wet tissue,Lamellidens marginalis,,
SA0087-LM-24h,ST0087,SI0087-01,Biota,Bivalve soft tissue,,24 h depuration,2024-02,2024-04,Species-specific field collection followed by assigned treatment,30,individuals,30,Individual,,,,,Wet tissue,Lamellidens marginalis,,
SA0087-LM-48h,ST0087,SI0087-01,Biota,Bivalve soft tissue,,48 h depuration,2024-02,2024-04,Species-specific field collection followed by assigned treatment,30,individuals,30,Individual,,,,,Wet tissue,Lamellidens marginalis,,
SA0087-LM-72h,ST0087,SI0087-01,Biota,Bivalve soft tissue,,72 h depuration,2024-02,2024-04,Species-specific field collection followed by assigned treatment,30,individuals,30,Individual,,,,,Wet tissue,Lamellidens marginalis,,
SA0087-LM-Clean,ST0087,SI0087-01,Biota,Bivalve soft tissue,,72 h depuration + surface cleaning,2024-02,2024-04,Species-specific field collection followed by assigned treatment,30,individuals,30,Individual,,,,,Wet tissue,Lamellidens marginalis,,
SA0087-LM-Gill,ST0087,SI0087-01,Biota,Bivalve soft tissue,,72 h depuration + surface cleaning + gill removal,2024-02,2024-04,Species-specific field collection followed by assigned treatment,30,individuals,30,Individual,,,,,Wet tissue,Lamellidens marginalis,,
SA0087-PV-Fresh,ST0087,SI0087-02,Biota,Bivalve soft tissue,,Untreated control,2024-02,2024-04,Species-specific field collection followed by assigned treatment,30,individuals,30,Individual,,,,,Wet tissue,Perna viridis,,
SA0087-PV-24h,ST0087,SI0087-02,Biota,Bivalve soft tissue,,24 h depuration,2024-02,2024-04,Species-specific field collection followed by assigned treatment,30,individuals,30,Individual,,,,,Wet tissue,Perna viridis,,
SA0087-PV-48h,ST0087,SI0087-02,Biota,Bivalve soft tissue,,48 h depuration,2024-02,2024-04,Species-specific field collection followed by assigned treatment,30,individuals,30,Individual,,,,,Wet tissue,Perna viridis,,
SA0087-PV-72h,ST0087,SI0087-02,Biota,Bivalve soft tissue,,72 h depuration,2024-02,2024-04,Species-specific field collection followed by assigned treatment,30,individuals,30,Individual,,,,,Wet tissue,Perna viridis,,
SA0087-PV-Clean,ST0087,SI0087-02,Biota,Bivalve soft tissue,,72 h depuration + surface cleaning,2024-02,2024-04,Species-specific field collection followed by assigned treatment,30,individuals,30,Individual,,,,,Wet tissue,Perna viridis,,
SA0087-PV-Gill,ST0087,SI0087-02,Biota,Bivalve soft tissue,,72 h depuration + surface cleaning + gill removal,2024-02,2024-04,Species-specific field collection followed by assigned treatment,30,individuals,30,Individual,,,,,Wet tissue,Perna viridis,,
SA0087-MC-Fresh,ST0087,SI0087-03,Biota,Bivalve soft tissue,,Untreated control,2024-02,2024-04,Species-specific field collection followed by assigned treatment,30,individuals,30,Individual,,,,,Wet tissue,Meretrix casta,,
SA0087-MC-24h,ST0087,SI0087-03,Biota,Bivalve soft tissue,,24 h depuration,2024-02,2024-04,Species-specific field collection followed by assigned treatment,30,individuals,30,Individual,,,,,Wet tissue,Meretrix casta,,
SA0087-MC-48h,ST0087,SI0087-03,Biota,Bivalve soft tissue,,48 h depuration,2024-02,2024-04,Species-specific field collection followed by assigned treatment,30,individuals,30,Individual,,,,,Wet tissue,Meretrix casta,,
SA0087-MC-72h,ST0087,SI0087-03,Biota,Bivalve soft tissue,,72 h depuration,2024-02,2024-04,Species-specific field collection followed by assigned treatment,30,individuals,30,Individual,,,,,Wet tissue,Meretrix casta,,
SA0087-MC-Clean,ST0087,SI0087-03,Biota,Bivalve soft tissue,,72 h depuration + surface cleaning,2024-02,2024-04,Species-specific field collection followed by assigned treatment,30,individuals,30,Individual,,,,,Wet tissue,Meretrix casta,,
SA0087-MC-Gill,ST0087,SI0087-03,Biota,Bivalve soft tissue,,72 h depuration + surface cleaning + gill removal,2024-02,2024-04,Species-specific field collection followed by assigned treatment,30,individuals,30,Individual,,,,,Wet tissue,Meretrix casta,,
SA0089-ALL,ST0089,SI0089-01,Biota,Freshwater fish,GI tract; gills; muscle,Occurrence,2023-02,2024-11,Fish collection at four Yamuna sites; species-specific sampling,220,individuals,,Individual,,,,Ice box then -20°C freezer,,All fish pooled,Two campaigns: Feb-Mar 2023 and Sep-Nov 2024,12 species; four named sites
SA0089-YNR,ST0089,SI0089-01,Biota,Freshwater fish,GI tract; gills; muscle,Occurrence,2023-02,2024-11,Fish collection,,,,Individual,,,,Ice box then -20°C freezer,,Yamuna Nagar fish,Two campaigns,Species mix per Table 1
SA0089-KRN,ST0089,SI0089-02,Biota,Freshwater fish,GI tract; gills; muscle,Occurrence,2023-02,2024-11,Fish collection,,,,Individual,,,,Ice box then -20°C freezer,,Karnal fish,Two campaigns,Species mix per Table 1; source contains locality inconsistencies for some species
SA0089-SUR,ST0089,SI0089-03,Biota,Freshwater fish,GI tract; gills; muscle,Occurrence,2023-02,2024-11,Fish collection,,,,Individual,,,,Ice box then -20°C freezer,,Sur Ghat fish,Two campaigns,Delhi
SA0089-SV,ST0089,SI0089-04,Biota,Freshwater fish,GI tract; gills; muscle,Occurrence,2023-02,2024-11,Fish collection,,,,Individual,,,,Ice box then -20°C freezer,,Sonia Vihar fish,Two campaigns,Delhi
SA0091-SED,ST0091,SI0091-REG,Sediment,River sediment,River ghat,Occurrence,,,Sediment collected at 12 ghats; triplicate sampling reported at study level,100,g dry sediment,3,Replicate/site,,,,,Dry sediment,All 12 sites,Study period NR in accessible text,Microplastic occurrence matrix
SA0091-JOR,ST0091,SI0091-JOR,Sediment,River sediment,River ghat,Occurrence,,,Sediment sampling; triplicate study design,100,g dry sediment,3,Replicate/site,,,,,Dry sediment,Jorabagan,Study period NR in accessible text,High-abundance site
SA0091-FAI,ST0091,SI0091-FAI,Sediment,River sediment,River ghat,Occurrence,,,Sediment sampling; triplicate study design,100,g dry sediment,3,Replicate/site,,,,,Dry sediment,Fairley Ghat,Study period NR in accessible text,High-abundance site
SA0093-SP,ST0093,SI0093-SP,Sediment,Riverbank sediment,Riverbank,Occurrence,2021-03,2023-11,Stainless-steel trowel; 21 sites sampled pre-flood March and post-flood November over 2021–2023,,,,Repeated site-season observations,,,,,Dry sediment,Spatial S1–S21,Six seasonal campaigns across three years,Urban ≤10 km; semi-urban 10–20 km; rural/remote >20 km
SA0093-TM,ST0093,SI0093-TM,Sediment,Riverbank sediment,Riverbank,Occurrence,2021-01,2023-12,Seven fixed sites sampled monthly over 2021–2023 excluding peak flood months,,,,Repeated monthly observations,,,,,Dry sediment,Temporal T1–T7,Monthly longitudinal monitoring excluding peak flood season,Separate temporal dataset from S1–S21
SA0090-01,ST0090,SI0090-01,Biota,Freshwater fish — Tor putitora,Whole fish collected; organs analyzed separately,Occurrence,2024-11,2025-04,Fish collection; collection gear not reported in accessible primary record,30,individuals,30,Individual fish,,,,,Not Applicable,Tor putitora — 30 specimens/site,Study sampling window November 2024–April 2025,"Gill, gastrointestinal tract and muscle tissues analyzed separately"
SA0090-02,ST0090,SI0090-02,Biota,Freshwater fish — Tor putitora,Whole fish collected; organs analyzed separately,Occurrence,2024-11,2025-04,Fish collection; collection gear not reported in accessible primary record,30,individuals,30,Individual fish,,,,,Not Applicable,Tor putitora — 30 specimens/site,Study sampling window November 2024–April 2025,"Gill, gastrointestinal tract and muscle tissues analyzed separately"
SA0090-03,ST0090,SI0090-03,Biota,Freshwater fish — Tor putitora,Whole fish collected; organs analyzed separately,Occurrence,2024-11,2025-04,Fish collection; collection gear not reported in accessible primary record,30,individuals,30,Individual fish,,,,,Not Applicable,Tor putitora — 30 specimens/site,Study sampling window November 2024–April 2025,"Gill, gastrointestinal tract and muscle tissues analyzed separately"
SA0096-SH,ST0096,SI0096-SH,Sediment,Shoreline sediment,Shoreline,Occurrence,,,Sediment sampling; detailed collection protocol not safely exposed in accessible primary text,,,,Not Reported,,,,,Not Determinable,Shoreline sediment,,Density separation + microscopy + Raman spectroscopy
SA0096-MG,ST0096,SI0096-MG,Sediment,Mangrove sediment,Mangrove,Occurrence,,,Sediment sampling; detailed collection protocol not safely exposed in accessible primary text,,,,Not Reported,,,,,Not Determinable,Mangrove sediment,,Density separation + microscopy + Raman spectroscopy
SA0096-ES,ST0096,SI0096-ES,Sediment,Estuarine sediment,Estuary,Occurrence,,,Sediment sampling; detailed collection protocol not safely exposed in accessible primary text,,,,Not Reported,,,,,Not Determinable,Estuarine sediment,,Density separation + microscopy + Raman spectroscopy
SA0096-OF,ST0096,SI0096-OF,Sediment,Offshore sediment,Offshore,Occurrence,,,Sediment sampling; detailed collection protocol not safely exposed in accessible primary text,,,,Not Reported,,,,,Not Determinable,Offshore sediment,,Density separation + microscopy + Raman spectroscopy
SA0092-W,ST0092,SI0092-CAV,Water,River surface water,Surface water,Occurrence,2025 post-monsoon,2025 post-monsoon,Surface-water sampling; detailed station protocol retained pending full numerical/method tables,30,samples,30,Study total across Cauvery + Kollidam,,,,,Not Applicable,Cauvery–Kollidam surface water,Post-monsoon 2025,Optical microscopy + FTIR + SEM
SA0092-S,ST0092,SI0092-CAV,Sediment,River sediment,River bed/bank sediment,Occurrence,2025 post-monsoon,2025 post-monsoon,Sediment sampling; detailed station protocol retained pending full numerical/method tables,60,samples,60,Study total across Cauvery + Kollidam,,,,,Not Determinable,Cauvery–Kollidam sediment,Post-monsoon 2025,Optical microscopy + FTIR + SEM
SA0097-ALL,ST0097,SI0097-ALL,Sediment,Beach sediment,Beach,Occurrence,2024-07,2025-06,Triplicate beach sediment samples/site/season using 1 m² quadrat to 5 cm depth; sediment oven-dried and 100 g processed,100,g dry sediment,3,Triplicate per site/season,5,cm,,,Dry weight,Six sites × four seasons,Pre-monsoon; monsoon; post-monsoon; summer,30% H2O2 digestion; NaCl then ZnCl2 density separation; Whatman Grade 1 (11 µm); stereomicroscopy + ATR-FTIR
SA0088-W,ST0088,SI0088-ALL,Water,River surface water,River,Occurrence,,,50 L per location in triplicate filtered through 15 µm plankton net,50,L/site replicate,3,Triplicate,,,,,Not Applicable,11 Brahmaputra sites,,15 µm plankton net
SA0088-S,ST0088,SI0088-ALL,Sediment,River sediment,Riverbed/top sediment,Occurrence,,,Sediment collection across same 11 sites; detailed quantity retained pending full method extraction,,,,Triplicate/site reported for study sampling,,,,,Not Determinable,11 Brahmaputra sites,,
SA0088-F,ST0088,SI0088-ALL,Biota,Native freshwater fish gut,Fish gut,Occurrence,,,Seven native fish species examined,,,,Individual fish,,,,,Not Applicable,7 native fish species,,
SA0098-S,ST0098,SI0098-ALL,Sediment,Intertidal beach sediment,Five tidal levels,Occurrence,2023-01,2024-08,"Nine sites; five tidal levels (peak, rising, median, falling, ebb); 10 g homogenized dry sediment processed",10,g dry sediment aliquot,,Transect/tidal-level samples,,,,,Dry sediment,Gujarat intertidal sediment,Jan–Feb and Jul–Aug in 2023 and 2024,
SA0098-W,ST0098,SI0098-ALL,Water,Coastal seawater column,Intertidal/coastal water,Occurrence,2023-01,2024-08,Seawater sampling associated with nine intertidal stations; full volume protocol retained in source,,,,Station/tidal observations,,,,,Not Applicable,Gujarat seawater,Jan–Feb and Jul–Aug in 2023 and 2024,
SA0094-S,ST0094,SI0094-ALL,Sediment,Beach sediment,Beach,Occurrence,,,15 beach sediment sites; detailed sampling protocol pending full article,,,,Not Reported,,,,,Not Determinable,15 Chennai beach sites,,
SA0095-FE,ST0095,SI0095-ALL,Biota,Farmed Etroplus suratensis,Fish — muscle/liver/GIT,Occurrence,,,Cage-cultured fish,,,,Individual fish,,,,,Not Applicable,Farmed E. suratensis,,
SA0095-FW,ST0095,SI0095-ALL,Biota,Wild Etroplus suratensis,Fish — muscle/liver/GIT,Occurrence,,,Wild fish comparison,,,,Individual fish,,,,,Not Applicable,Wild E. suratensis,,
SA0095-FT,ST0095,SI0095-ALL,Biota,Farmed Trachinotus blochii,Fish — muscle/liver/GIT,Occurrence,,,Cage-cultured fish,,,,Individual fish,,,,,Not Applicable,Farmed T. blochii,,
SA0095-W,ST0095,SI0095-ALL,Water,Surface water,Cage-culture environment,Occurrence,,,Environmental matrix associated with cage system; quantitative detail pending full table,,,,,,,,,Not Applicable,Ashtamudi cage surface water,,
SA0095-S,ST0095,SI0095-ALL,Sediment,Cage-environment sediment,Cage-culture environment,Occurrence,,,Environmental matrix associated with cage system; quantitative detail pending full table,,,,,,,,,Not Determinable,Ashtamudi cage sediment,,
SA0095-AF,ST0095,SI0095-ALL,Food,Aquafeed,Cage feed,Occurrence,,,Aquafeed analysed as potential source,,,,,,,,,Not Determinable,Aquafeed,,
SA0061-ALL,ST0061,SI0061-ALL,Sediment,Beach sediment,Beach,Occurrence,,,Beach sediment sampling; full field protocol unavailable in accessible primary abstract,,,,Not Reported,,,,,Not Determinable,Nine Odisha beach stations,,Nile-red staining / Raman spectroscopy reported in keywords and primary record
SA0062-01,ST0062,SI0062-01,Water,Freshwater wetland surface water,Surface to ~15 cm depth,Occurrence,2018-05,2018-05,50 µm plankton net fixed to local boat and dragged over 600 m,,,,Net tow,,,,,Not Applicable,Khaitan surface-water net sample,,50 µm net; sequential 305/200/100/60 µm filtration; 30% H2O2 7 d; NaI density separation; FTIR/Raman/GC-MS
SA0078-L1,ST0078,SI0078-L1,Water,Freshwater lake water,25–30 cm below surface,Occurrence,2024-01,2024-05,10 L stainless-steel bucket; 2 L PET bottle used for physicochemical subsample,10,L,10,Individual sampling points,,,,,Not Applicable,Gopal Samuthram Lake (n=10),,Density separation; gravimetric MP mass; bright-field microscopy; SEM; FTIR
SA0078-L2,ST0078,SI0078-L2,Water,Freshwater lake water,25–30 cm below surface,Occurrence,2024-01,2024-05,10 L stainless-steel bucket; 2 L PET bottle used for physicochemical subsample,10,L,15,Individual sampling points,,,,,Not Applicable,Saduperi Lake (n=15),,Density separation; gravimetric MP mass; bright-field microscopy; SEM; FTIR
SA0078-L3,ST0078,SI0078-L3,Water,Freshwater lake water,25–30 cm below surface,Occurrence,2024-01,2024-05,10 L stainless-steel bucket; 2 L PET bottle used for physicochemical subsample,10,L,30,Individual sampling points,,,,,Not Applicable,Melkavanur Lake (n=30),,Density separation; gravimetric MP mass; bright-field microscopy; SEM; FTIR
SA0078-L4,ST0078,SI0078-L4,Water,Freshwater lake water,25–30 cm below surface,Occurrence,2024-01,2024-05,10 L stainless-steel bucket; 2 L PET bottle used for physicochemical subsample,10,L,20,Individual sampling points,,,,,Not Applicable,Sathyamangalam Lake (n=20),,Density separation; gravimetric MP mass; bright-field microscopy; SEM; FTIR
SA0078-L5,ST0078,SI0078-L5,Water,Freshwater lake water,25–30 cm below surface,Occurrence,2024-01,2024-05,10 L stainless-steel bucket; 2 L PET bottle used for physicochemical subsample,10,L,25,Individual sampling points,,,,,Not Applicable,Sedhuvalai Lake (n=25),,Density separation; gravimetric MP mass; bright-field microscopy; SEM; FTIR
SA0079-ALL,ST0079,SI0079-01,Water,Commercial bottled drinking water,Final packaged product,Retail bottled water,2024-01,2024-03,Six major brands; 1 L single-use PET bottles; 30 L total collected,30,L,,Multiple bottles/brands,,,,,Not Applicable,Six bottled-water brands,,Nile Red fluorescence microscopy; FESEM–EDX; micro-Raman spectroscopy
SA0066-GW,ST0066,SI0066-REG,Water,Groundwater — open and closed wells,,Occurrence,,,Groundwater sampling from open and closed well systems; detailed protocol pending,,,,,,,,,Not Applicable,Didwana-Kuchaman groundwater,,
SA0066-SED,ST0066,SI0066-REG,Sediment,Terrestrial/well-region sediment,,Occurrence,,,Sediment sampling; detailed protocol pending,,,,,,,,,Not Determinable,Didwana-Kuchaman sediment,,
SA0068-GW,ST0068,SI0068-REG,Water,Urban groundwater — open wells,,Occurrence,,,120 open wells across Kozhikode Municipal Corporation; detailed protocol pending,,,120,,,,,,Not Applicable,Kozhikode open wells,,
SA0069-S1,ST0069,SI0069-S1,Sediment,Backwater sediment core,0–10 cm core split at 2 cm intervals,Occurrence,,,Sediment core,,,5,,10,cm,,,Not Applicable — area metric,S1 Ariyankuppam core,,Five 2-cm depth intervals; microscopy + ATR-FTIR + SEM
SA0069-S2,ST0069,SI0069-S2,Sediment,Harbor sediment core,0–10 cm core split at 2 cm intervals,Occurrence,,,Sediment core,,,5,,10,cm,,,Not Applicable — area metric,S2 Thengaithittu core,,Five 2-cm depth intervals; microscopy + ATR-FTIR + SEM
SA0069-S3,ST0069,SI0069-S3,Sediment,Coastal sediment core,0–10 cm core split at 2 cm intervals,Occurrence,,,Sediment core,,,5,,10,cm,,,Not Applicable — area metric,S3 Chunnambar core,,Five 2-cm depth intervals; microscopy + ATR-FTIR + SEM
SA0070-WAT,ST0070,SI0070-REG,Water,Coastal surface water,,Occurrence,,,Five South Goa beaches; detailed station protocol pending full text,,,,,,,,,Not Applicable,Five South Goa beaches,,
SA0071-WAT,ST0071,SI0071-REG,Water,Freshwater lake surface water,,Occurrence,,,Three Indore lakes; detailed protocol pending full text,,,,,,,,,Not Applicable,Three Indore lakes,,
SA0063-W,ST0063,SI0063-ALL,Water,Surface water + groundwater,,Occurrence,,,25 water samples from coastal surface water and groundwater locations; detailed protocol not promoted from current primary text,,,,Individual locations,,,,,Not Applicable,25 surface-water/groundwater samples,,
SA0063-S,ST0063,SI0063-ALL,Sediment,Foreshore and river-mouth sediment,,Occurrence,,,12 sediment samples from different coastal/river-mouth locations,,,,Individual locations,,,,,Dry,12 dry sediment samples,,
SA0064-S,ST0064,SI0064-ALL,Sediment,Beach sediment,,Occurrence,,,20 g sediment analysed at each of 31 beach locations,20,g,31,Site-level samples,,,,,Not Determinable,31 northern Andhra Pradesh beaches,,Particle extraction/visual characterization + ATR-FTIR + micro-Raman
SA0065-W,ST0065,SI0065-ALL,Water,River/reservoir surface water,,Occurrence,,,23-location Godavari source-to-sink campaign; detailed water protocol pending full methods extraction,,,,,,,,,Not Applicable,Godavari water,,
SA0065-S,ST0065,SI0065-ALL,Sediment,River/reservoir sediment,,Occurrence,,,23-location Godavari source-to-sink campaign; detailed sediment protocol pending full methods extraction,,,,,,,,,Dry,Godavari sediment,,
SA0065-F,ST0065,SI0065-ALL,Biota,"Fish — seven species; flesh+skin, gills, GIT",,Occurrence,,,Seven fish species examined; edible and inedible organs analysed,,,,,,,,,Not Applicable,Godavari fish,,
SA0067-S,ST0067,SI0067-ALL,Sediment,Lower Ganga river sediment,,Occurrence,,,Seasonal sediment monitoring at Patna-region locations; detailed field protocol pending full article tables,,,,,,,,,Not Determinable,Patna lower-Ganga sediment,,LULC/random-forest + rainfall/urbanization association analysis
SA0074-F,ST0074,SI0074-ALL,Biota,Commercial freshwater fish,,Occurrence,,,"62 fish specimens, four commonly consumed species; GIT and dorsal muscle analysed",,,62,Individual fish,,,,,Not Applicable,Four Ganga fish species,,GIT and dorsal muscle separated; Raman polymer identification
SA0075-GW,ST0075,SI0075-ALL,Water,Groundwater,,Occurrence,,,60 groundwater samples from multiple Chennai sites comparing conditions before and after Michaung cyclone,,,60,Site/time samples,,,,,Not Applicable,Pre/post Michaung groundwater,Before vs after cyclone,Cyclone-driven groundwater MP migration study
SA0076-W,ST0076,SI0076-ALL,Water,Dal Lake water,,Occurrence,,,Four-basin Dal Lake sampling; detailed field protocol pending full methods table,,,,,,,,,Not Applicable,Hazratbal/Nishat/Gagribal/Nigeen water,,Fluorescence microscopy + Raman
SA0076-S,ST0076,SI0076-ALL,Sediment,Dal Lake sediment,,Occurrence,,,Four-basin Dal Lake sediment sampling; detailed protocol pending full methods table,,,,,,,,,Dry,Hazratbal/Nishat/Gagribal/Nigeen sediment,,Fluorescence microscopy + Raman
SA0076-F,ST0076,SI0076-ALL,Biota,Cyprinus carpio var. communis and C. carpio var. specularis,,Occurrence,,,Fish sampled across Dal Lake basins; detailed organ protocol pending full article,,,,,,,,,Not Applicable,Dal Lake carp,,Fluorescence microscopy + Raman
SA0021-W,ST0021,SI0021-ALL,Water,Estuarine water,,Occurrence,,,,,,,,,,,,Not Applicable,Sal estuary water,,
SA0021-S,ST0021,SI0021-ALL,Sediment,Estuarine sediment,,Occurrence,,,,,,,,,,,,Not Determinable,Sal estuary sediment,,
SA0021-B,ST0021,SI0021-ALL,Biota,Shellfish and finfish,,Occurrence,,,,,,,,,,,,Not Applicable,Sal estuary seafood,,
SA0022-W,ST0022,SI0022-ALL,Water,Coastal surface seawater,Top ~10 cm,Occurrence,,,240 µm zooplankton net hauled for 20 min; replicate surface samples at five sites for three months,,,,Replicate net samples,,,,,Not Applicable,Five northern Kerala coastal sites,,
SA0025-S,ST0025,SI0025-01,Sediment,Beach sediment,,Occurrence,,,,,,,,,,,,Not Determinable,Saint Mary's Island beaches,,
SA0046-W,ST0046,SI0046-01,Water,Lake surface water,,Occurrence,,,,,,,Seasonal samples,,,,,Not Applicable,Monsoon and post-monsoon Lake Manipal,,
SA0057-S,ST0057,SI0057-ALL,Sediment,Chilika lake sediment,,Occurrence,,,,,,22,22 sites,,,,,Wet,22 Chilika sediment sites,,Density separation + vacuum filtration + stereo-zoom microscopy + Raman
SA0058-WL,ST0058,SI0058-ALL,Water,Nainital lake surface water,,Occurrence,,,,,,,,,,,,Not Applicable,Lake water sites,,
SA0058-WH,ST0058,SI0058-ALL,Water,Catchment hotspot water,,Occurrence,,,,,,,,,,,,Not Applicable,Hotspot water sites,,
SA0058-SL,ST0058,SI0058-ALL,Sediment,Lake surface sediment,,Occurrence,,,,,,,,,,,,Not Determinable,Lake sediment sites,,
SA0058-SH,ST0058,SI0058-ALL,Sediment,Catchment hotspot sediment,,Occurrence,,,,,,,,,,,,Not Determinable,Hotspot sediment sites,,
SA0027-PRM,ST0027,SI0027-ALL,Sediment,Riverine shoreline sediment,Surface 0–2 cm,Occurrence,2019-04,2019-04,Replicate sediment samples ~2 m apart; stainless-steel spoon; homogenized; ~1.5 kg; 15–20 cm² area,,,14,14 stations,,,,,Dry,Pre-monsoon,,
SA0027-POM,ST0027,SI0027-ALL,Sediment,Riverine shoreline sediment,Surface 0–2 cm,Occurrence,2020-01,2020-01,Same protocol; nine accessible stations after monsoon,,,9,9 stations,,,,,Dry,Post-monsoon,,
SA0029-W,ST0029,SI0029-ALL,Water,Upper Ganga river water,,Occurrence,,,Volume-reduce method using sieve filtration,,,,,,,,,Not Applicable,Upper Ganga water,,
SA0029-S,ST0029,SI0029-ALL,Sediment,Upper Ganga river sediment,,Occurrence,,,Volume-reduce method using sieve filtration,,,,,,,,,Dry,Upper Ganga sediment,,
SA0029-F,ST0029,SI0029-ALL,Biota,Freshwater fish,,Occurrence,,,Fish collected using net method; alkali digestion,,,,,,,,,Not Applicable,Four fish species,,
SA0030-W,ST0030,SI0030-ALL,Water,Mahanadi river/estuary water,,Occurrence,,,,,,9,,,,,,Not Applicable,Water samples,,
SA0030-S,ST0030,SI0030-ALL,Sediment,Mahanadi river/estuary sediment,,Occurrence,,,,,,9,,,,,,Not Determinable,Sediment samples,,
SA0037-W,ST0037,SI0037-ALL,Water,Estuarine surface water,,Occurrence,,,,,,,,,,,,Not Applicable,Kadalundi surface water,,
SA0037-F,ST0037,SI0037-ALL,Biota,12 edible fish species — GIT and gills,,Occurrence,,,,,,,,,,,,Not Applicable,Pelagic and demersal fish,,
SA0040-F,ST0040,SI0040-01,Biota,Pelagic and demersal marine fish — edible and inedible tissues,,Occurrence,,,,,,400,,,,,,Not Applicable,400 Veraval fish,,
SA0060-S,ST0060,SI0060-ALL,Sediment,Tourist beach sediment,,Occurrence,,,Sediment collection; density separation; microscopic observation; shape/size/color/polymer characterization,,,6,,,,,,Not Determinable,Six Dapoli tourist beaches,,
SA0023-S,ST0023,SI0023-ALL,Sediment,Beach sediment,,Occurrence,,,,,,,,,,,,Not Determinable,Marina + Pattinapakkam,,
SA0044-S,ST0044,SI0044-ALL,Sediment,Beach sediment,,Occurrence,,,,,,,,,,,,Not Determinable,Five Karnataka beaches,,
SA0047-SW,ST0047,SI0047-ALL,Sediment,Beach sediment,,Occurrence,,,,,,,Six beaches,,,,,Not Determinable,Southwest monsoon,,
SA0047-NE,ST0047,SI0047-ALL,Sediment,Beach sediment,,Occurrence,,,,,,,Six beaches,,,,,Not Determinable,Northeast monsoon,,
SA0049-INF,ST0049,SI0049-01,Wastewater,STP influent,,Influent,,,,,,,,,,,,Not Applicable,Influent,,
SA0049-EFF,ST0049,SI0049-01,Wastewater,STP effluent,,Effluent,,,,,,,,,,,,Not Applicable,Effluent,,
SA0049-SLD,ST0049,SI0049-01,Sludge,Sewage sludge,,Sludge,,,,,,,,,,,,Not Determinable,Sludge,,
SA0051-F,ST0051,SI0051-ALL,Biota,17 commercial marine fish species — gills and gut,,Occurrence,,,,,,220,,,,,,Not Applicable,Adyar + Ennore commercial fish,,
SA0053-W,ST0053,SI0053-ALL,Water,Coastal shelf surface water,,Occurrence,,,,,,21,,,,,,Not Applicable,21 central-east-coast shelf locations,,
SA0053-S,ST0053,SI0053-ALL,Sediment,Shelf sediment,,Occurrence,,,,,,21,,,,,,Dry,21 central-east-coast shelf locations,,
SA0054-S,ST0054,SI0054-ALL,Sediment,Beach sediment — SGD and non-SGD zones,,Occurrence,,,,,,,,,,,,Not Determinable,Southwest coast SGD comparison,,
SA0055-W,ST0055,SI0055-ALL,Water,Rural and urban lake water,,Occurrence,,,,,,39,,,,,,Not Applicable,39 lakes / two seasons,,
SA0055-S,ST0055,SI0055-ALL,Sediment,Rural and urban lake sediment,,Occurrence,,,,,,39,,,,,,Not Determinable,39 lakes / two seasons,,
SA0033-W,ST0033,SI0033-ALL,Water,North Chennai water,,Occurrence,,,,,,,,,,,,Not Applicable,North Chennai water,,
SA0033-S,ST0033,SI0033-ALL,Sediment,North Chennai sediment,,Occurrence,,,,,,,,,,,,Not Determinable,North Chennai sediment,,
SA0034-KR,ST0034,SI0034-ALL,Water,Kaveri River,,Occurrence,,,,,,,,,,,,Not Applicable,Kaveri River,,
SA0034-TR,ST0034,SI0034-ALL,Water,Thamirabarani River,,Occurrence,,,,,,,,,,,,Not Applicable,Thamirabarani River,,
SA0034-AR,ST0034,SI0034-ALL,Water,Adyar River,,Occurrence,,,,,,,,,,,,Not Applicable,Adyar River,,
SA0034-CR,ST0034,SI0034-ALL,Water,Cooum River,,Occurrence,,,,,,,,,,,,Not Applicable,Cooum River,,
SA0034-GW,ST0034,SI0034-ALL,Water,Groundwater,,Occurrence,,,,,,,,,,,,Not Applicable,Groundwater,,
SA0034-CSW,ST0034,SI0034-ALL,Water,Community stored water,,Occurrence,,,,,,,,,,,,Not Applicable,Community stored water,,
SA0036-W,ST0036,SI0036-ALL,Water,Ashtamudi Lake water,,Occurrence,,,,,,,,,,,,Not Applicable,Lake water,,
SA0036-S,ST0036,SI0036-ALL,Sediment,Ashtamudi Lake sediment,,Occurrence,,,,,,,,,,,,Not Determinable,Lake sediment,,
SA0036-F,ST0036,SI0036-ALL,Biota,"Fish — 86 individuals, 22 species",,Occurrence,,,,,,86,,,,,,Not Applicable,Fish,,
SA0036-SH,ST0036,SI0036-ALL,Biota,Shellfish / crustaceans and molluscs,,Occurrence,,,,,,,,,,,,Not Applicable,Shellfish,,
SA0039-W,ST0039,SI0039-ALL,Water,Deepor Beel surface water,,Occurrence,,,,,,6,,,,,,Not Applicable,Surface water,,
SA0039-S,ST0039,SI0039-ALL,Sediment,Deepor Beel sediment,,Occurrence,,,,,,6,,,,,,Not Determinable,Sediment,,
SA0039-F1,ST0039,SI0039-ALL,Biota,Puntius sophore,,Occurrence,,,,,,,,,,,,Not Applicable,Pool Barb,,
SA0039-F2,ST0039,SI0039-ALL,Biota,Gudusia chapra,,Occurrence,,,,,,,,,,,,Not Applicable,Indian River Shad,,
SA0052-B,ST0052,SI0052-ALL,Biota,Benthic species,,Occurrence,,,,,,,,,,,,Not Applicable,Benthic biota,,
SA0052-P,ST0052,SI0052-ALL,Biota,Pelagic species,,Occurrence,,,,,,,,,,,,Not Applicable,Pelagic biota,,
SA0032-W,ST0032,SI0032-ALL,Water,Maharashtra coastal water,,Occurrence,,,,,,17,,,,,,Not Applicable,17-station coast,,
SA0032-S,ST0032,SI0032-ALL,Sediment,Maharashtra beach sediment,,Occurrence,,,,,,17,,,,,,Not Determinable,17-station coast,,
SA0035-W,ST0035,SI0035-ALL,Water,River water,,Occurrence,,,,,,,,,,,,Not Applicable,Indian riverine systems,,
SA0035-S,ST0035,SI0035-ALL,Sediment,River sediment,,Occurrence,,,,,,,,,,,,Not Determinable,Indian riverine systems,,
SA0035-F,ST0035,SI0035-ALL,Biota,Freshwater fish gills/GIT,,Occurrence,,,,,,,,,,,,Not Applicable,River fish,,
SA0042-S,ST0042,SI0042-ALL,Sediment,Beach sediment,,Occurrence,,,,,,8,,,,,,Not Determinable,Eight South Andaman stations,,
SA0043-W,ST0043,SI0043-ALL,Water,Marine water column,,Occurrence,,,,,,24,,,,,,Not Applicable,WAT,,
SA0043-WET,ST0043,SI0043-ALL,Sediment,Wet beach sediment,,Occurrence,,,,,,24,,,,,,Wet,WET,,
SA0043-DSS,ST0043,SI0043-ALL,Sediment,Dry beach sand,,Occurrence,,,,,,24,,,,,,Dry,DSS,,
SA0048-S,ST0048,SI0048-ALL,Sediment,Beach sediment,,Occurrence,,,,,,12,,,,,,Not Determinable,Palk Bay/Gulf of Mannar sediment,,
SA0048-B,ST0048,SI0048-ALL,Biota,Marine biota,,Occurrence,,,,,,,,,,,,Not Applicable,Biota from six beaches,,
SA0024-S,ST0024,SI0024-ALL,Sediment,Sandy beach sediment,,Occurrence,,,,,,20,,,,,,Not Determinable,20 Gujarat beaches,,
SA0028-S,ST0028,SI0028-ALL,Sediment,Nethravati estuary surface/intertidal sediment,,Occurrence,,,,,,,,,,,,Not Determinable,Nethravati estuary,,
SA0041-HTL,ST0041,SI0041-ALL,Sediment,Beach sediment — high tide line,High tide line,Occurrence,,,,,,,,,,,,Not Determinable,Five Tamil Nadu coastal areas — HTL,,
SA0041-LTL,ST0041,SI0041-ALL,Sediment,Beach sediment — low tide line,Low tide line,Occurrence,,,,,,,,,,,,Not Determinable,Five Tamil Nadu coastal areas — LTL,,
SA0045-GJ,ST0045,SI0045-GJ,Food,Edible sea salt — powder and crystal,,Consumer food occurrence,2018-05,2018-08,Retail crystal/powder salt packets; five powder and three crystal samples per state; ~200 g used for MP analysis,200,g,8,State-level salt sample set,,,,,Not Applicable,Gujarat salt,,
SA0045-TN,ST0045,SI0045-TN,Food,Edible sea salt — powder and crystal,,Consumer food occurrence,2018-05,2018-08,Retail crystal/powder salt packets; five powder and three crystal samples per state; ~200 g used for MP analysis,200,g,8,State-level salt sample set,,,,,Not Applicable,Tamil Nadu salt,,
SA0050-W,ST0050,SI0050-ALL,Water,Estuarine water,,Occurrence,,,,,,19,,,,,,Not Applicable,19 estuaries / summer + monsoon,,
SA0050-S,ST0050,SI0050-ALL,Sediment,Estuarine sediment,,Occurrence,,,,,,19,,,,,,Not Determinable,19 estuaries / summer + monsoon,,
SA0050-B,ST0050,SI0050-ALL,Biota,Finfish and shellfish,,Occurrence,,,,,,,,,,,,Not Applicable,19-estuary biota,,
SA0056-INF,ST0056,SI0056-ALL,Wastewater,STP influent,,Influent,,,,,,,,,,,,Not Applicable,Seven STPs,,
SA0056-EFF,ST0056,SI0056-ALL,Wastewater,STP effluent,,Effluent,,,,,,,,,,,,Not Applicable,Seven STPs,,
SA0056-SLD,ST0056,SI0056-ALL,Sludge,STP sludge,,Sludge,,,,,,,,,,,,Not Determinable,Seven STPs,,
SA0026-S,ST0026,SI0026-ALL,Sediment,Kaveri River sediment,,Occurrence,2021-01,2021-01,Sediment collected at 14 localities; approximately 1 kg sediment per locality; transported to laboratory,1,kg,14,,,,,,Dry weight,14 Killa Chinthamani sites,,
SA0031-W,ST0031,SI0031-ALL,Water,Marine coastal water,,Occurrence,,,,,,,,,,,,Not Applicable,Seven eastern-coast beaches,,
SA0031-S,ST0031,SI0031-ALL,Sediment,Beach sand,,Occurrence,,,,,,,,,,,,Not Determinable,Seven eastern-coast beaches,,
SA0031-F,ST0031,SI0031-ALL,Biota,Fish,,Occurrence,,,,,,,,,,,,Not Applicable,Seven eastern-coast beaches,,
SA0038-S,ST0038,SI0038-ALL,Sediment,Beach sediment,,Occurrence,,,,,,25,,,,,,Not Determinable,25 Maharashtra beaches,,
SA0059-S,ST0059,SI0059-ALL,Sediment,Dal Lake shoreline sediment,,Occurrence,,,Sediment corer; top 0–6 cm; ~1 kg sediment transferred with stainless-steel spoon to glass containers,1,kg,30,15 samples per basin; 30 total,0–6,cm,,Glass containers; aluminium foil; stored at 2°C,Dry,Gagribal + Nigeen basins,,
SA0006-BEACH-COUNT,ST0006,SI0006-01,Sediment,Beach sediment,High + low tide lines,,2017-09,2017-09,1 m × 1 m quadrat; ~5 cm depth; count abundance reported across beach samples,15,L,50,Nominal beach sample set across HTL/LTL,5,cm,,,,HTL + LTL combined,September 2017,Count-abundance representation
