Site_ID,Study_ID,Site_Name,State_UT,District,Locality,Environment_Type,Latitude,Longitude,Coordinate_Format_Original,Coordinate_Source,Coordinate_Status,Coordinate_Uncertainty,Location_Role,Catch_Area_Description,Site_Notes
SI0003-01,ST0003,Red Hills Lake,Tamil Nadu,Chennai,Red Hills,Freshwater reservoir,13.166667,80.171528,13°10′00″N 80°10′17.5″E,Converted from reported DMS,Converted from Reported DMS,DMS-to-decimal conversion,Sampling site,,
SI0006-01,ST0006,Tamil Nadu southeast coast beaches,Tamil Nadu,,25 beaches,Coastal beach,,,,Not Reported,Not Reported,GPS recorded but exact coordinates not tabulated in main paper,Sampling area,,25 beaches
SI0009-01,ST0009,Kalamukku fishing harbour,Kerala,Ernakulam,Kalamukku,Fishing harbour,9.9836,76.2423,"9.9836 N, 76.2423 E",Reported by authors,Reported Exact,,Landing/Purchase point,"Nearshore 10–50 m depth, up to 12 nautical miles offshore",Do not treat harbour as exact capture site
SI0013-01,ST0013,Kaliachak,West Bengal,Malda,Kaliachak,Atmospheric deposition,,,,Not Reported,Not Reported,No exact numeric coordinate in main paper,Sampling site,,Rural
SI0013-02,ST0013,Sujapur,West Bengal,Malda,Sujapur,Atmospheric deposition,,,,Not Reported,Not Reported,No exact numeric coordinate in main paper,Sampling site,,Rural
SI0013-03,ST0013,English Bazar,West Bengal,Malda,English Bazar,Atmospheric deposition,,,,Not Reported,Not Reported,No exact numeric coordinate in main paper,Sampling site,,Urban
SI0019-01,ST0019,Keshopur WWTP,Delhi,New Delhi,Vikaspuri,Wastewater treatment plant,28.650764,77.082292,"28.650764, 77.082292",Reported by authors,Reported Exact,,Facility/site,,Reported capacity 151 MLD
SI0015-AIR,ST0015,"IESD-BHU, Banaras Hindu University",Uttar Pradesh,Varanasi,BHU,Urban atmosphere,,,,Not Reported,Not Reported,,Air sampling site,,Single suspended-dust site; sampler installed on IESD-BHU roof at 7.5 m.
SI0015-DUST,ST0015,"Six urban street-dust sites, Varanasi",Uttar Pradesh,Varanasi,S2–S7,Urban street,,,,Supplementary File 1,Not Determinable from main article,,Street-dust sampling area,,Exact site details are stated to be in Supplementary File 1.
SI0016-01,ST0016,Guindy,Tamil Nadu,Chennai,Guindy,Urban street,,,"13.0827° N, 80.2707° E (city reference)",City-level coordinate reported; not site-specific,Approximate city reference only,Do not use as site coordinate,Street-dust sampling site,,
SI0016-02,ST0016,Anna Salai,Tamil Nadu,Chennai,Anna Salai,Urban street,,,"13.0827° N, 80.2707° E (city reference)",City-level coordinate reported; not site-specific,Approximate city reference only,Do not use as site coordinate,Street-dust sampling site,,
SI0016-03,ST0016,Sardar Patel,Tamil Nadu,Chennai,Sardar Patel,Urban street,,,"13.0827° N, 80.2707° E (city reference)",City-level coordinate reported; not site-specific,Approximate city reference only,Do not use as site coordinate,Street-dust sampling site,,
SI0016-04,ST0016,Tidel Park,Tamil Nadu,Chennai,Tidel Park,Urban street,,,"13.0827° N, 80.2707° E (city reference)",City-level coordinate reported; not site-specific,Approximate city reference only,Do not use as site coordinate,Street-dust sampling site,,
SI0016-05,ST0016,DGP Office,Tamil Nadu,Chennai,DGP Office,Urban street,,,"13.0827° N, 80.2707° E (city reference)",City-level coordinate reported; not site-specific,Approximate city reference only,Do not use as site coordinate,Street-dust sampling site,,
SI0016-06,ST0016,Guindy Industrial Estate,Tamil Nadu,Chennai,Guindy Industrial Estate,Urban street,,,"13.0827° N, 80.2707° E (city reference)",City-level coordinate reported; not site-specific,Approximate city reference only,Do not use as site coordinate,Street-dust sampling site,,
SI0016-07,ST0016,Velachery,Tamil Nadu,Chennai,Velachery,Urban street,,,"13.0827° N, 80.2707° E (city reference)",City-level coordinate reported; not site-specific,Approximate city reference only,Do not use as site coordinate,Street-dust sampling site,,
SI0016-08,ST0016,MG Road,Tamil Nadu,Chennai,MG Road,Urban street,,,"13.0827° N, 80.2707° E (city reference)",City-level coordinate reported; not site-specific,Approximate city reference only,Do not use as site coordinate,Street-dust sampling site,,
SI0016-09,ST0016,Moolakadai,Tamil Nadu,Chennai,Moolakadai,Urban street,,,"13.0827° N, 80.2707° E (city reference)",City-level coordinate reported; not site-specific,Approximate city reference only,Do not use as site coordinate,Street-dust sampling site,,
SI0016-10,ST0016,Koyembedu,Tamil Nadu,Chennai,Koyembedu,Urban street,,,"13.0827° N, 80.2707° E (city reference)",City-level coordinate reported; not site-specific,Approximate city reference only,Do not use as site coordinate,Street-dust sampling site,,
SI0016-11,ST0016,Ayanavaram,Tamil Nadu,Chennai,Ayanavaram,Urban street,,,"13.0827° N, 80.2707° E (city reference)",City-level coordinate reported; not site-specific,Approximate city reference only,Do not use as site coordinate,Street-dust sampling site,,
SI0016-12,ST0016,Ambathur,Tamil Nadu,Chennai,Ambathur,Urban street,,,"13.0827° N, 80.2707° E (city reference)",City-level coordinate reported; not site-specific,Approximate city reference only,Do not use as site coordinate,Street-dust sampling site,,
SI0016-13,ST0016,Aminjikarai,Tamil Nadu,Chennai,Aminjikarai,Urban street,,,"13.0827° N, 80.2707° E (city reference)",City-level coordinate reported; not site-specific,Approximate city reference only,Do not use as site coordinate,Street-dust sampling site,,
SI0016-14,ST0016,Simson,Tamil Nadu,Chennai,Simson,Urban street,,,"13.0827° N, 80.2707° E (city reference)",City-level coordinate reported; not site-specific,Approximate city reference only,Do not use as site coordinate,Street-dust sampling site,,
SI0016-15,ST0016,Kasimedu,Tamil Nadu,Chennai,Kasimedu,Urban street,,,"13.0827° N, 80.2707° E (city reference)",City-level coordinate reported; not site-specific,Approximate city reference only,Do not use as site coordinate,Street-dust sampling site,,
SI0016-16,ST0016,Poonamalli,Tamil Nadu,Chennai,Poonamalli,Urban street,,,"13.0827° N, 80.2707° E (city reference)",City-level coordinate reported; not site-specific,Approximate city reference only,Do not use as site coordinate,Street-dust sampling site,,
SI0017-01,ST0017,Mumbai markets (procurement location),Maharashtra,Mumbai,Various supermarkets and local markets,Commercial food product,,,,Not Reported,Not Reported,,Purchase/Procurement point,,Salt production locations differ; all except brands D (Kerala) and G (Maharashtra) produced in Gujarat.
SI0018-01,ST0018,Nagpur bottled-water market,Maharashtra,Nagpur,Grocery stores and/or street vendors,Commercial drinking water,,,,Not Reported,Not Reported,,Purchase/Procurement point,,
SI0020-01,ST0020,Kosli,Haryana,Rewari,Kosli,Sewage treatment plant,,,,Not Reported,Not Reported,,Treatment plant,,Installed capacity 3 MLD; technology MBBR.
SI0020-02,ST0020,Bawal,Haryana,Rewari,Bawal,Sewage treatment plant,,,,Not Reported,Not Reported,,Treatment plant,,Installed capacity 3 MLD; technology MBBR.
SI0020-03,ST0020,"Dharuhera, Huda Sec-6",Haryana,Rewari,"Dharuhera, Huda Sec-6",Sewage treatment plant,,,,Not Reported,Not Reported,,Treatment plant,,Installed capacity 5 MLD; technology MBBR.
SI0020-04,ST0020,"Dharuhera, Vill-Kharkhara",Haryana,Rewari,"Dharuhera, Vill-Kharkhara",Sewage treatment plant,,,,Not Reported,Not Reported,,Treatment plant,,Installed capacity 9.5 MLD; technology MBBR.
SI0020-05,ST0020,"Rewari, Vill-Kaluwas",Haryana,Rewari,"Rewari, Vill-Kaluwas",Sewage treatment plant,,,,Not Reported,Not Reported,,Treatment plant,,Installed capacity 6.5 MLD; technology MBBR.
SI0020-06,ST0020,"Rewari, Nasiaji Road-1",Haryana,Rewari,"Rewari, Nasiaji Road-1",Sewage treatment plant,,,,Not Reported,Not Reported,,Treatment plant,,Installed capacity 8 MLD; technology MBBR.
SI0020-07,ST0020,"Rewari, Nasiaji Road-2",Haryana,Rewari,"Rewari, Nasiaji Road-2",Sewage treatment plant,,,,Not Reported,Not Reported,,Treatment plant,,Installed capacity 16 MLD; technology SBR.
SI0001-01,ST0001,Vembanad Lake water survey,Kerala,,10 sites,Freshwater/estuarine lake,,,,Not Reported,Not Reported,Proceedings does not give site coordinates,Sampling area,,Ten water-sampling sites; individual site names/coordinates not reported.
SI0002-01,ST0002,Vembanad Lake Site 1,Kerala,,Southern Vembanad Lake,Lake/estuarine sediment,9.689175,76.381761,"9°41'21.03""N, 76°22'54.34""E",Converted from reported DMS,Converted from Reported DMS,DMS-to-decimal conversion,Sampling site,,Sites 1–2 salt-water dominant north of Thanneermukkom bund; sites 3–10 freshwater dominant south of bund.
SI0002-02,ST0002,Vembanad Lake Site 2,Kerala,,Southern Vembanad Lake,Lake/estuarine sediment,9.679631,76.400103,"9°40'46.67""N, 76°24'0.37""E",Converted from reported DMS,Converted from Reported DMS,DMS-to-decimal conversion,Sampling site,,Sites 1–2 salt-water dominant north of Thanneermukkom bund; sites 3–10 freshwater dominant south of bund.
SI0002-03,ST0002,Vembanad Lake Site 3,Kerala,,Southern Vembanad Lake,Lake/estuarine sediment,9.669939,76.396886,"9°40'11.78""N, 76°23'48.79""E",Converted from reported DMS,Converted from Reported DMS,DMS-to-decimal conversion,Sampling site,,Sites 1–2 salt-water dominant north of Thanneermukkom bund; sites 3–10 freshwater dominant south of bund.
SI0002-04,ST0002,Vembanad Lake Site 4,Kerala,,Southern Vembanad Lake,Lake/estuarine sediment,9.645547,76.401978,"9°38'43.97""N, 76°24'7.12""E",Converted from reported DMS,Converted from Reported DMS,DMS-to-decimal conversion,Sampling site,,Sites 1–2 salt-water dominant north of Thanneermukkom bund; sites 3–10 freshwater dominant south of bund.
SI0002-05,ST0002,Vembanad Lake Site 5,Kerala,,Southern Vembanad Lake,Lake/estuarine sediment,9.623492,76.401642,"9°37'24.57""N, 76°24'5.91""E",Converted from reported DMS,Converted from Reported DMS,DMS-to-decimal conversion,Sampling site,,Sites 1–2 salt-water dominant north of Thanneermukkom bund; sites 3–10 freshwater dominant south of bund.
SI0002-06,ST0002,Vembanad Lake Site 6,Kerala,,Southern Vembanad Lake,Lake/estuarine sediment,9.602444,76.416558,"9°36'8.8""N, 76°24'59.61""E",Converted from reported DMS,Converted from Reported DMS,DMS-to-decimal conversion,Sampling site,,Sites 1–2 salt-water dominant north of Thanneermukkom bund; sites 3–10 freshwater dominant south of bund.
SI0002-07,ST0002,Vembanad Lake Site 7,Kerala,,Southern Vembanad Lake,Lake/estuarine sediment,9.588581,76.408431,"9°35'18.89""N, 76°24'30.35""E",Converted from reported DMS,Converted from Reported DMS,DMS-to-decimal conversion,Sampling site,,Sites 1–2 salt-water dominant north of Thanneermukkom bund; sites 3–10 freshwater dominant south of bund.
SI0002-08,ST0002,Vembanad Lake Site 8,Kerala,,Southern Vembanad Lake,Lake/estuarine sediment,9.577717,76.401147,"9°34'39.78""N, 76°24'4.13""E",Converted from reported DMS,Converted from Reported DMS,DMS-to-decimal conversion,Sampling site,,Sites 1–2 salt-water dominant north of Thanneermukkom bund; sites 3–10 freshwater dominant south of bund.
SI0002-09,ST0002,Vembanad Lake Site 9,Kerala,,Southern Vembanad Lake,Lake/estuarine sediment,9.563347,76.400303,"9°33'48.05""N, 76°24'1.09""E",Converted from reported DMS,Converted from Reported DMS,DMS-to-decimal conversion,Sampling site,,Sites 1–2 salt-water dominant north of Thanneermukkom bund; sites 3–10 freshwater dominant south of bund.
SI0002-10,ST0002,Vembanad Lake Site 10,Kerala,,Southern Vembanad Lake,Lake/estuarine sediment,9.554372,76.386992,"9°33'15.74""N, 76°23'13.17""E",Converted from reported DMS,Converted from Reported DMS,DMS-to-decimal conversion,Sampling site,,Sites 1–2 salt-water dominant north of Thanneermukkom bund; sites 3–10 freshwater dominant south of bund.
SI0004-00,ST0004,Lower Ganga River five-city transect,,,Ballia to Diamond Harbour,River system,,,,Not Reported,Not Reported,Exact coordinates not tabulated in main article text,Sampling area,,Five major locations in lower Ganga.
SI0004-01,ST0004,Ballia,Uttar Pradesh,,Ballia,River/floodplain,,,,Not Reported,Not Reported,Main paper map/site name; numeric coordinate not tabulated in extracted text,Sampling site,,
SI0004-02,ST0004,Patna,Bihar,,Patna,River/floodplain,,,,Not Reported,Not Reported,Main paper map/site name; numeric coordinate not tabulated in extracted text,Sampling site,,
SI0004-03,ST0004,Bhagalpur,Bihar,,Bhagalpur,River/floodplain,,,,Not Reported,Not Reported,Main paper map/site name; numeric coordinate not tabulated in extracted text,Sampling site,,
SI0004-04,ST0004,Farakka,West Bengal,,Farakka,River/floodplain,,,,Not Reported,Not Reported,Main paper map/site name; numeric coordinate not tabulated in extracted text,Sampling site,,
SI0004-05,ST0004,Diamond Harbour,West Bengal,,Diamond Harbour,River/floodplain,,,,Not Reported,Not Reported,Main paper map/site name; numeric coordinate not tabulated in extracted text,Sampling site,,
SI0005-01,ST0005,Aksa,Maharashtra,,Aksa,Sandy beach,,,,Not Reported,Not Reported,Beach names reported; exact coordinates not tabulated in main Table 1,Sampling site,,High-tide-line beach plastic survey.
SI0005-02,ST0005,Juhu,Maharashtra,,Juhu,Sandy beach,,,,Not Reported,Not Reported,Beach names reported; exact coordinates not tabulated in main Table 1,Sampling site,,High-tide-line beach plastic survey.
SI0005-03,ST0005,Dadar,Maharashtra,,Dadar,Sandy beach,,,,Not Reported,Not Reported,Beach names reported; exact coordinates not tabulated in main Table 1,Sampling site,,High-tide-line beach plastic survey.
SI0005-04,ST0005,Girgaon,Maharashtra,,Girgaon,Sandy beach,,,,Not Reported,Not Reported,Beach names reported; exact coordinates not tabulated in main Table 1,Sampling site,,High-tide-line beach plastic survey.
SI0005-05,ST0005,Vagator,Goa,,Vagator,Sandy beach,,,,Not Reported,Not Reported,Beach names reported; exact coordinates not tabulated in main Table 1,Sampling site,,High-tide-line beach plastic survey.
SI0005-06,ST0005,Calangute,Goa,,Calangute,Sandy beach,,,,Not Reported,Not Reported,Beach names reported; exact coordinates not tabulated in main Table 1,Sampling site,,High-tide-line beach plastic survey.
SI0005-07,ST0005,Colva,Goa,,Colva,Sandy beach,,,,Not Reported,Not Reported,Beach names reported; exact coordinates not tabulated in main Table 1,Sampling site,,High-tide-line beach plastic survey.
SI0005-08,ST0005,Devbagh,Karnataka,,Devbagh,Sandy beach,,,,Not Reported,Not Reported,Beach names reported; exact coordinates not tabulated in main Table 1,Sampling site,,High-tide-line beach plastic survey.
SI0005-09,ST0005,Karwar,Karnataka,,Karwar,Sandy beach,,,,Not Reported,Not Reported,Beach names reported; exact coordinates not tabulated in main Table 1,Sampling site,,High-tide-line beach plastic survey.
SI0005-10,ST0005,Kasarkod,Karnataka,,Kasarkod,Sandy beach,,,,Not Reported,Not Reported,Beach names reported; exact coordinates not tabulated in main Table 1,Sampling site,,High-tide-line beach plastic survey.
SI0007-00,ST0007,Chennai–Puducherry offshore transect,Tamil Nadu; Puducherry,,165 km coastal stretch,Nearshore marine sediment,,,,Study extent,Study extent,Parent area only,Sampling area,,22 offshore sites at 1 km and 10 km.
SI0007-01,ST0007,Chennai port 1 km,Tamil Nadu,,Chennai port,Nearshore marine sediment,13.1172,80.3154,"13.1172°N, 80.3154°E",Reported by authors,Reported Exact,,Sampling site,,1 km offshore station.
SI0007-02,ST0007,Chennai port 10 km,Tamil Nadu,,Chennai port,Nearshore marine sediment,13.111,80.3954,"13.111°N, 80.3954°E",Reported by authors,Reported Exact,,Sampling site,,10 km offshore station.
SI0007-03,ST0007,Marina 1 km,Tamil Nadu,,Marina,Nearshore marine sediment,13.037,80.2923,"13.037°N, 80.2923°E",Reported by authors,Reported Exact,,Sampling site,,1 km offshore station.
SI0007-04,ST0007,Marina 10 km,Tamil Nadu,,Marina,Nearshore marine sediment,13.0184,80.3718,"13.0184°N, 80.3718°E",Reported by authors,Reported Exact,,Sampling site,,10 km offshore station.
SI0007-05,ST0007,Adyar 1 km,Tamil Nadu,,Adyar,Nearshore marine sediment,13.0104,80.28868,"13.0104°N, 80.28868°E",Reported by authors,Reported Exact,,Sampling site,,1 km offshore station.
SI0007-06,ST0007,Adyar 10 km,Tamil Nadu,,Adyar,Nearshore marine sediment,12.9889,80.3678,"12.9889°N, 80.3678°E",Reported by authors,Reported Exact,,Sampling site,,10 km offshore station.
SI0007-07,ST0007,Kovalam 1 km,Tamil Nadu,,Kovalam,Nearshore marine sediment,12.7957,80.2598,"12.7957°N, 80.2598°E",Reported by authors,Reported Exact,,Sampling site,,1 km offshore station.
SI0007-08,ST0007,Kovalam 10 km,Tamil Nadu,,Kovalam,Nearshore marine sediment,12.7774,80.3415,"12.7774°N, 80.3415°E",Reported by authors,Reported Exact,,Sampling site,,10 km offshore station.
SI0007-09,ST0007,Mahabalipuram 1 km,Tamil Nadu,,Mahabalipuram,Nearshore marine sediment,12.6129,80.209,"12.6129°N, 80.209°E",Reported by authors,Reported Exact,,Sampling site,,1 km offshore station.
SI0007-10,ST0007,Mahabalipuram 10 km,Tamil Nadu,,Mahabalipuram,Nearshore marine sediment,12.589,80.2884,"12.589°N, 80.2884°E",Reported by authors,Reported Exact,,Sampling site,,10 km offshore station.
SI0007-11,ST0007,Kalpakkam 1 km,Tamil Nadu,,Kalpakkam,Nearshore marine sediment,12.557,80.1883,"12.557°N, 80.1883°E",Reported by authors,Reported Exact,,Sampling site,,1 km offshore station.
SI0007-12,ST0007,Kalpakkam 10 km,Tamil Nadu,,Kalpakkam,Nearshore marine sediment,12.531,80.267,"12.531°N, 80.267°E",Reported by authors,Reported Exact,,Sampling site,,10 km offshore station.
SI0007-13,ST0007,Edaikazhinadu 1 km,Tamil Nadu,,Edaikazhinadu,Nearshore marine sediment,12.2817,80.0311,"12.2817°N, 80.0311°E",Reported by authors,Reported Exact,,Sampling site,,1 km offshore station.
SI0007-14,ST0007,Edaikazhinadu 10 km,Tamil Nadu,,Edaikazhinadu,Nearshore marine sediment,12.2499,80.1078,"12.2499°N, 80.1078°E",Reported by authors,Reported Exact,,Sampling site,,10 km offshore station.
SI0007-15,ST0007,Pondicherry University 1 km,Puducherry,,Pondicherry University,Nearshore marine sediment,11.972,79.8544,"11.972°N, 79.8544°E",Reported by authors,Reported Exact,,Sampling site,,1 km offshore station.
SI0007-16,ST0007,Pondicherry University 10 km,Puducherry,,Pondicherry University,Nearshore marine sediment,11.9498,79.934,"11.9498°N, 79.934°E",Reported by authors,Reported Exact,,Sampling site,,10 km offshore station.
SI0007-17,ST0007,Gandhi statue 1 km,Puducherry,,Gandhi statue,Nearshore marine sediment,11.9292,79.8452,"11.9292°N, 79.8452°E",Reported by authors,Reported Exact,,Sampling site,,1 km offshore station.
SI0007-18,ST0007,Gandhi statue 10 km,Puducherry,,Gandhi statue,Nearshore marine sediment,11.9089,79.925,"11.9089°N, 79.925°E",Reported by authors,Reported Exact,,Sampling site,,10 km offshore station.
SI0007-19,ST0007,Fishing harbour 1 km,Puducherry,,Fishing harbour,Nearshore marine sediment,11.9035,79.84,"11.9035°N, 79.84°E",Reported by authors,Reported Exact,,Sampling site,,1 km offshore station.
SI0007-20,ST0007,Fishing harbour 10 km,Puducherry,,Fishing harbour,Nearshore marine sediment,11.8818,79.9196,"11.8818°N, 79.9196°E",Reported by authors,Reported Exact,,Sampling site,,10 km offshore station.
SI0007-21,ST0007,Paradise Beach 1 km,Puducherry,,Paradise Beach,Nearshore marine sediment,11.8695,79.8321,"11.8695°N, 79.8321°E",Reported by authors,Reported Exact,,Sampling site,,1 km offshore station.
SI0008-01,ST0008,Off Kochi — Station 1 (5 m),Kerala,Ernakulam,Off Kochi,Coastal marine,,,"Three reported coordinate replicates around 9°58′15.937″N, 76°14′49.685″E",Reported by authors,Reported multiple coordinates,Triplicate coordinates retained in notes,Sampling station,,5 m depth; exact triplicate coordinate set reported in main paper.
SI0008-02,ST0008,Off Kochi — Station 2 (10 m),Kerala,Ernakulam,Off Kochi,Coastal marine,,,"Three reported coordinate replicates around 9°58′6.521″N, 76°9′46.879″E",Reported by authors,Reported multiple coordinates,Triplicate coordinates retained in notes,Sampling station,,10 m depth; exact triplicate coordinate set reported in main paper.
SI0008-03,ST0008,Off Kochi — Station 3 (20 m),Kerala,Ernakulam,Off Kochi,Coastal marine,,,"Three reported coordinate replicates around 9°58′18.140″N, 76°6′37.016″E",Reported by authors,Reported multiple coordinates,Triplicate coordinates retained in notes,Sampling station,,20 m depth; exact triplicate coordinate set reported in main paper.
SI0010-01,ST0010,Roche Park Site 1,Tamil Nadu,Thoothukudi,"Roche Park, Tuticorin",Coastal backwater,,,,Not tabulated numerically,Mapped only,Main article describes location but no numeric coordinate in text,Sampling site,,Southeast end of Roche Park; backwater opens into sea.
SI0010-02,ST0010,Roche Park Site 2,Tamil Nadu,Thoothukudi,"Roche Park, Tuticorin",Coastal backwater,,,,Not tabulated numerically,Mapped only,Main article describes location but no numeric coordinate in text,Sampling site,,~900 m from Site 1; backwater blocked by rock boulders.
SI0010-03,ST0010,Roche Park Site 3,Tamil Nadu,Thoothukudi,"Roche Park, Tuticorin",Coastal channel,,,,Not tabulated numerically,Mapped only,Main article describes location but no numeric coordinate in text,Sampling site,,Water channel ~1.3 km from Sites 1 and 2; near Karappad Bay.
SI0011-00,ST0011,Southwest coast bivalve survey,Kerala,,Five zones,Estuary/river/lake,,,,Main article Table 1,Reported / parent area,Parent survey area; five exact zone coordinates stored separately,Sampling area,,"Five zones: Dalavapuram (Ashtamudi), Kayamkulam, Muhamma (Vembanad freshwater), Aluva (Periyar), Sathar Island (Vembanad estuary)."
SI0012-GOA,ST0012,Goa agricultural fields,Goa,,Taleigao; Sangolda; Mapusa,Agricultural paddy fields,,,,Study map,Mapped / named,8 fields; exact coordinates not tabulated in extracted text,Sampling area,,Eight active paddy-field sites.
SI0012-UDP,ST0012,Udupi agricultural fields,Karnataka,Udupi,Perampalli; Saralebettu,Agricultural paddy fields,,,,Study map,Mapped / named,7 fields; exact coordinates not tabulated in extracted text,Sampling area,,Seven active paddy-field sites near Swarna River.
SI0014-01,ST0014,IISER Mohali AMP-1,Punjab,S.A.S. Nagar,IISER Mohali,Atmospheric deposition,30.662987,76.728094,"30.662987°N, 76.728094°E",Reported by authors,Reported Exact,,Rooftop sampling site,,Height ~16 m; adjacent to hostel/academic area.
SI0014-02,ST0014,IISER Mohali AMP-2,Punjab,S.A.S. Nagar,IISER Mohali,Atmospheric deposition,30.663899,76.732266,"30.663899°N, 76.732266°E",Reported by authors,Reported Exact,,Rooftop sampling site,,Height ~14 m; adjacent to hostel/academic area.
SI0014-03,ST0014,IISER Mohali AMP-3,Punjab,S.A.S. Nagar,IISER Mohali,Atmospheric deposition,30.663574,76.723551,"30.663574°N, 76.723551°E",Reported by authors,Reported Exact,,Rooftop sampling site,,Height ~16 m; near Visitor's Hostel/eco-park.
SI0072-01,ST0072,Cauvery River around Krishna Raja Sagara (KRS) Dam,Karnataka,Mysore/Mandya,KRS Dam area,Freshwater river,12.425,76.576111,12°25′30″N 76°34′34″E,Author-reported study-area coordinate,Author reported,General study-area coordinate; not an individual sampling point,Study area / sampling area,,Four sampling sites upstream and downstream; GPS recorded for each site but individual coordinates not tabulated in extracted text.
SI0077-01,ST0077,Loktak Lake,Manipur,Bishnupur,Loktak Lake,Freshwater lake,24.564667,93.681667,24°33′52.8″N 93°40′54.0″E,Converted from author-reported DMS study-area coordinate,Converted from Reported DMS,Lake-level coordinate; 13 individual sampling points were GPS-recorded,Study area / sampling area,,Individual points plotted in Fig. 1 and GPS-recorded; exact point coordinates not silently digitized.
SI0080-01,ST0080,Kukar gundha,Himachal Pradesh,Kangra,River Uhl,Freshwater river,32.111916,76.760869,"32.111916, 76.760869",Author-reported decimal,Author reported,Exact reported sampling site,Sampling site,,Site I; ~3 km from last village; relatively low human intervention.
SI0080-02,ST0080,Zero Point,Himachal Pradesh,Kangra,River Uhl,Freshwater river,32.046732,76.833532,"32.046732, 76.833532",Author-reported decimal,Author reported,Exact reported sampling site,Sampling site,,Site II; ~14 km downstream of Site I; tributaries and agricultural land.
SI0080-03,ST0080,Barot,Himachal Pradesh,Kangra,River Uhl,Freshwater river,32.037697,76.844332,"32.037697, 76.844332",Author-reported decimal,Author reported,Exact reported sampling site,Sampling site,,Site III; dam/hydroelectric storage area.
SI0081-01,ST0081,Mumbai coast,Maharashtra,Mumbai,,Coastal beach,,,Source table text is malformed in PDF extraction,Author-reported coordinate text retained in source; not safely converted,Not Determinable,Do not infer decimal coordinates from malformed extracted DMS,Sampling site,,Yellow clam site 1
SI0081-02,ST0081,Ratnagiri coast,Maharashtra,Ratnagiri,,Coastal beach,,,Source table text is malformed in PDF extraction,Author-reported coordinate text retained in source; not safely converted,Not Determinable,Do not infer decimal coordinates from malformed extracted DMS,Sampling site,,Yellow clam site 2
SI0081-03,ST0081,Sindhudurg coast,Maharashtra,Sindhudurg,,Coastal beach,,,Source table text is malformed in PDF extraction,Author-reported coordinate text retained in source; not safely converted,Not Determinable,Do not infer decimal coordinates from malformed extracted DMS,Sampling site,,Yellow clam site 3
SI0082-01,ST0082,Mumbai urban coast — Station 1,Maharashtra,Mumbai,,Coastal beach,,,Coordinate text present but malformed in extracted table,Author-reported coordinate text; no safe conversion,Not Determinable,No silent correction,Sampling site,,
SI0082-02,ST0082,Mumbai urban coast — Station 2,Maharashtra,Mumbai,,Coastal beach,,,Coordinate text present but malformed in extracted table,Author-reported coordinate text; no safe conversion,Not Determinable,No silent correction,Sampling site,,
SI0082-03,ST0082,Mumbai urban coast — Station 3,Maharashtra,Mumbai,,Coastal beach,,,Coordinate text present but malformed in extracted table,Author-reported coordinate text; no safe conversion,Not Determinable,No silent correction,Sampling site,,
SI0083-01,ST0083,Eastern India cured-fish Station 1,Eastern coastal states,,,Commercial fish-curing location,,,,Not Determinable,Not Determinable,Exact locality not recoverable from extracted text used for this pass,Sampling/purchase location,,Station 1
SI0083-02,ST0083,Eastern India cured-fish Station 2,Eastern coastal states,,,Commercial fish-curing location,,,,Not Determinable,Not Determinable,,Sampling/purchase location,,Station 2
SI0083-03,ST0083,Eastern India cured-fish Station 3,Eastern coastal states,,,Commercial fish-curing location,,,,Not Determinable,Not Determinable,,Sampling/purchase location,,Station 3
SI0083-04,ST0083,Eastern India cured-fish Station 4,Eastern coastal states,,,Commercial fish-curing location,,,,Not Determinable,Not Determinable,,Sampling/purchase location,,Station 4
SI0083-05,ST0083,Eastern India cured-fish Station 5,Eastern coastal states,,,Commercial fish-curing location,,,,Not Determinable,Not Determinable,,Sampling/purchase location,,Station 5
SI0085-01,ST0085,Versova fish landing center,Maharashtra,Mumbai,Versova,Fish landing centre,,,"Paper reports broad Konkan coordinate bounds, not an exact capture point",Named landing/purchase site,Regional only,Landing site ≠ capture site,Landing/Purchase point,Konkan northwest coast,Indian mackerel procured here
SI0086-AP,ST0086,Inland saline shrimp ponds — Stations 1–6,Andhra Pradesh,,,Aquaculture ponds,,,,Study-area map/table,Regional,Six inland saline ponds,Sampling area,,Groundwater-fed ponds
SI0086-GJ,ST0086,Coastal shrimp ponds — Stations 7–12,Gujarat,,,Aquaculture ponds,,,,Study-area map/table,Regional,Six coastal ponds,Sampling area,,Coastal-water-fed ponds
SI0087-01,ST0087,Upper Godavari River near Nashik,Maharashtra,Nashik,,Freshwater river,,,,Named locality,Regional,,Sampling site,,Lamellidens marginalis
SI0087-02,ST0087,Purnagad estuary,Maharashtra,Ratnagiri,Purnagad,Estuary,,,,Named locality,Regional,,Sampling site,,Perna viridis
SI0087-03,ST0087,Ratnagiri coast intertidal zone,Maharashtra,Ratnagiri,,Marine intertidal,,,,Named locality,Regional,,Sampling site,,Meretrix casta
SI0089-01,ST0089,Yamuna Nagar,Haryana,,Yamuna Nagar,River,30.0834444444,77.3641111111,"30°05′00.4″N, 77°21′50.8″E",Reported by authors; decimal converted from DMS,Converted from Reported DMS,DMS-to-decimal conversion,Fish sampling location,,Exact DMS coordinates printed in published article.
SI0089-02,ST0089,Karnal,Haryana,,Karnal,River,29.6827222222,77.1448333333,"29°40′57.8″N, 77°08′41.4″E",Reported by authors; decimal converted from DMS,Converted from Reported DMS,DMS-to-decimal conversion,Fish sampling location,,Exact DMS coordinates printed in published article.
SI0089-03,ST0089,Sur Ghat,Delhi,,Sur Ghat,River,28.7100277778,77.2308333333,"28°42′36.1″N, 77°13′51.0″E",Reported by authors; decimal converted from DMS,Converted from Reported DMS,DMS-to-decimal conversion,Fish sampling location,,Exact DMS coordinates printed in published article.
SI0089-04,ST0089,Sonia Vihar,Delhi,,Sonia Vihar,River,28.7315555556,77.2356388889,"28°43′53.6″N, 77°14′08.3″E",Reported by authors; decimal converted from DMS,Converted from Reported DMS,DMS-to-decimal conversion,Fish sampling location,,Exact DMS coordinates printed in published article.
SI0091-REG,ST0091,Lower Ganga study corridor,West Bengal,,Nadia; North 24 Parganas; Hooghly; Kolkata,River,,,,Publisher full text/abstract,Not Reported,Regional only,Study area,,12 river-ghat sampling sites across four districts; full site list/coordinates not safely exposed in accessible text.
SI0091-JOR,ST0091,Jorabagan,West Bengal,Kolkata,Jorabagan,River,,,,Publisher full text/abstract,Not Reported,Regional/locality only,Sediment sampling ghat,,Named as one of the highest microplastic-abundance sites.
SI0091-FAI,ST0091,Fairley Ghat,West Bengal,Kolkata,Fairley Ghat,River,,,,Publisher full text/abstract,Not Reported,Regional/locality only,Sediment sampling ghat,,Named as one of the highest microplastic-abundance sites.
SI0091-GOU,ST0091,Gournagar,West Bengal,Nadia,Gournagar,River,,,,Publisher full text/abstract,Not Reported,Regional/locality only,Water-quality sampling ghat,,Named for lowest WQI; not used as a microplastic-abundance point.
SI0093-SP,ST0093,Brahmaputra spatial transect S1–S21,Assam,,~260 km Guwahati to Dhubri,Riverbank,,,,GPS recorded; exact coordinates in Supplement Tables S1/S2,Reported but not transcribed,Supplement-dependent; regional until coordinates extracted,Spatial sediment monitoring,,21 sites classified urban/semi-urban/rural.
SI0093-TM,ST0093,Brahmaputra temporal monitoring T1–T7,Assam,,Brahmaputra monitoring corridor,Riverbank,,,,GPS recorded; exact coordinates in Supplement Tables S1/S2,Reported but not transcribed,Supplement-dependent; regional until coordinates extracted,Temporal sediment monitoring,,Seven fixed temporal sites; paper states no direct relationship between S and T sets.
SI0090-01,ST0090,Bhimtal Lake,Uttarakhand,,Bhimtal Lake,Freshwater lake,,,,Not Reported in accessible primary record,Not Reported,Regional/locality only,Fish collection site,,30 Tor putitora specimens collected at this site; exact coordinate not entered.
SI0090-02,ST0090,Ladhiya River (Chalthi),Uttarakhand,,Chalthi,Freshwater river,,,,Not Reported in accessible primary record,Not Reported,Regional/locality only,Fish collection site,,30 Tor putitora specimens collected at this site; exact coordinate not entered.
SI0090-03,ST0090,Pancheshwar,Uttarakhand,,Confluence of Kali and Saryu rivers,Freshwater river confluence,,,,Not Reported in accessible primary record,Not Reported,Regional/locality only,Fish collection site,,30 Tor putitora specimens collected at this site; exact coordinate not entered.
SI0096-SH,ST0096,Murud coast — shoreline sediment habitats,Maharashtra,Raigad,Murud coast / associated beaches including Velas study area,Coastal shoreline,,,,Not Reported in accessible primary text,Not Reported,Regional/locality only,Microplastic sediment sampling habitat,,Shoreline habitat represented at regional level; macroplastic beach localities must not be assumed to equal every microplastic sediment station.
SI0096-MG,ST0096,Murud coast — mangrove sediment habitats,Maharashtra,Raigad,Murud coastal region,Mangrove,,,,Not Reported in accessible primary text,Not Reported,Regional/locality only,Microplastic sediment sampling habitat,,
SI0096-ES,ST0096,Murud coast — estuarine sediment habitats,Maharashtra,Raigad,Murud coastal/estuarine region,Estuary,,,,Not Reported in accessible primary text,Not Reported,Regional/locality only,Microplastic sediment sampling habitat,,Accessible abstract reports highest microplastic abundance in estuarine sediments.
SI0096-OF,ST0096,Murud coast — offshore sediment habitats,Maharashtra,Raigad,Offshore Murud coast,Marine offshore,,,,Not Reported in accessible primary text,Not Reported,Regional/locality only,Microplastic sediment sampling habitat,,
SI0092-CAV,ST0092,Cauvery River — Tiruchirappalli urban stretch,Tamil Nadu,Tiruchirappalli,Cauvery River urban stretch,Freshwater river,,,,Not transcribed from accessible primary text,Not Reported,Regional corridor,Surface-water and sediment sampling corridor,,Post-monsoon 2025 campaign; station-level coordinates not promoted.
SI0092-KOL,ST0092,Kollidam River — Tiruchirappalli urban stretch,Tamil Nadu,Tiruchirappalli,Kollidam River urban stretch,Freshwater river,,,,Not transcribed from accessible primary text,Not Reported,Regional corridor,Surface-water and sediment sampling corridor,,Post-monsoon 2025 campaign; station-level coordinates not promoted.
SI0097-ALL,ST0097,Ramanathapuram coast — six beach sites,Tamil Nadu,Ramanathapuram,Southeast Tamil Nadu coast,Beach,,,,Main article Fig. 1 / Methods,Reported / parent area,Six exact site coordinates stored separately,Beach sediment sampling,,"Six sites: Thondi, Devipattinam, Mandapam, Rameswaram, Ervadi, Mookaiyur."
SI0097-TH,ST0097,Thondi,Tamil Nadu,Ramanathapuram,Thondi coast,Beach,9.73,79.01,"9.73°N, 79.01°E",Reported by authors,Reported Exact,,Beach sediment sampling,,Thondi; one of six Ramanathapuram sites.
SI0088-ALL,ST0088,Brahmaputra River — 11 sites,Assam,,Dhola; Guijan; Dibrugarh; Desangmukh; Nimatighat; Biswanath Town; Tezpur; Guwahati; Goalpara; Jogighopa; Dubri,River,,,,Table S1 referenced; exact coordinates not transcribed,Reported but not transcribed,Regional until supplement extraction,"Water, sediment and fish sampling",,11-site Indian Brahmaputra study.
SI0098-ALL,ST0098,Gulf of Kutch and Gulf of Khambhat intertidal beaches,Gujarat,,Coastline of Gujarat,Intertidal beach/coastal water,,,,Sampling map / study-area ranges; exact station coordinates not transcribed,Reported/map-supported but not transcribed,Regional until station table extraction,Sediment and seawater sampling,,"Nine sampling sites with five tidal levels; tourist, natural and coastal beach classes."
SI0094-ALL,ST0094,Chennai Coast — 15 beach sites,Tamil Nadu,Chennai coastal region,Chennai Coast,Beach,,,,Not exposed in accessible abstract,Not Reported,Regional,Beach sediment sampling,,15 sites; high geographic overlap with earlier Chennai evidence; dataset reuse not evidenced.
SI0095-ALL,ST0095,Ashtamudi Ramsar Lake cage-culture system,Kerala,Kollam,Ashtamudi Lake,Estuarine/Ramsar lake aquaculture,,,,Not transcribed from accessible primary text,Not Reported,Regional,Cage-culture fish and environmental matrices,,"Farmed/wild fish comparison plus surface water, sediment and aquafeed."
SI0061-ALL,ST0061,Odisha coast — nine beach stations,Odisha,,Swargadwara; Chandipur; Chandrabhaga; Golden Beach; Beleswar; Gopalpur; Paradeep; Sunapur; Abhayachandpur,Beach,,,,Not Reported in accessible primary abstract,Not Reported,Regional/named beaches,Beach sediment sampling,,Nine named stations. Swargadwara highest and Abhayachandpur lowest in accessible primary abstract.
SI0061-SW,ST0061,Swargadwara,Odisha,,,Beach,,,,Not Reported in accessible primary abstract,Not Reported,Named locality only,Beach sediment sampling,,Highest reported abundance.
SI0061-AB,ST0061,Abhayachandpur,Odisha,,,Beach,,,,Not Reported in accessible primary abstract,Not Reported,Named locality only,Beach sediment sampling,,Lowest reported abundance.
SI0062-01,ST0062,"Khaitan area, Harike Wetland",Punjab,,"Khaitan core area, Harike Wetland",Riverine/lacustrine wetland,,,,Study-area bounds reported; exact site point shown on map only,Regional / map-only,"Wetland bounds 31°05′15″–31°14′15″N, 74°55′30″–75°07′30″E; no point coordinate transcribed",Surface-water sampling site,,Core-area sampling site. No centroid or geocoded coordinate invented.
SI0078-L1,ST0078,Gopal Samuthram Lake,Tamil Nadu,Vellore,,Freshwater lake,,,,Author numeric coordinates reportedly in Table 1,Not transcribed,Study full text states Table 1 contains geographic coordinates; not promoted without table transcription,Lake-water sampling,,
SI0078-L2,ST0078,Saduperi Lake,Tamil Nadu,Vellore,,Freshwater lake,,,,Author numeric coordinates reportedly in Table 1,Not transcribed,Study full text states Table 1 contains geographic coordinates; not promoted without table transcription,Lake-water sampling,,
SI0078-L3,ST0078,Melkavanur Lake,Tamil Nadu,Vellore,,Freshwater lake,,,,Author numeric coordinates reportedly in Table 1,Not transcribed,Study full text states Table 1 contains geographic coordinates; not promoted without table transcription,Lake-water sampling,,
SI0078-L4,ST0078,Sathyamangalam Lake,Tamil Nadu,Vellore,,Freshwater lake,,,,Author numeric coordinates reportedly in Table 1,Not transcribed,Study full text states Table 1 contains geographic coordinates; not promoted without table transcription,Lake-water sampling,,
SI0078-L5,ST0078,Sedhuvalai Lake,Tamil Nadu,Vellore,,Freshwater lake,,,,Author numeric coordinates reportedly in Table 1,Not transcribed,Study full text states Table 1 contains geographic coordinates; not promoted without table transcription,Lake-water sampling,,
SI0079-01,ST0079,Rupnagar retail bottled-water procurement,Punjab,Rupnagar,Rupnagar and IIT Ropar campus retail outlets,Packaged drinking water / retail product,,,,Not Applicable,Not Applicable,"Product procurement locality, not environmental sampling coordinate",Purchase/procurement location,,Bottled water from six major brands; source water locations not characterized.
SI0066-REG,ST0066,Didwana-Kuchaman semi-arid study region,Rajasthan,Didwana-Kuchaman,,Groundwater wells and terrestrial sediment,,,,Not Reported in exposed publisher record,Regional,District/region only,Environmental sampling region,,
SI0068-REG,ST0068,Kozhikode Municipal Corporation open wells,Kerala,Kozhikode,,Urban groundwater,,,,Not Reported in accessible abstract,Regional,Municipal-area only,120 open-well sampling network,,
SI0069-S1,ST0069,Ariyankuppam River Bridge,Puducherry,,Ariyankuppam,Backwater/river sediment,,,,Not transcribed from accessible source,Named locality,Locality only,Sediment core site,,
SI0069-S2,ST0069,Thengaithittu Fishing Harbor,Puducherry,,Thengaithittu,Harbor sediment,,,,Not transcribed from accessible source,Named locality,Locality only,Sediment core site,,
SI0069-S3,ST0069,Chunnambar Beach,Puducherry,,Chunnambar,Coastal/beach sediment,,,,Not transcribed from accessible source,Named locality,Locality only,Sediment core site,,
SI0070-REG,ST0070,South Goa — five beaches,Goa,,,Coastal surface water,,,,Not Reported in accessible abstract,Regional,Five beach names/coordinates pending full text,Surface-water sampling,,
SI0071-REG,ST0071,Indore district — three lakes,Madhya Pradesh,Indore,,Freshwater lakes,,,,Not Reported in accessible abstract,Regional,Three lake identities/coordinates pending full text,Surface-water sampling,,
SI0063-ALL,ST0063,"Chennai coast — coastal aquifers, seawater and foreshore/river-mouth sites",Tamil Nadu,Chennai,,Urban coast / coastal aquifer,,,,Not transcribed from accessible primary record,Regional,Chennai coastal study area only,Water and sediment sampling,,25 water samples and 12 sediment samples across different locations; exact site mapping not promoted.
SI0064-ALL,ST0064,Northern Andhra Pradesh coast — 31 beaches,Andhra Pradesh,,Srikakulam and other northern coastal districts,Beach,,,,Table S1 / supplement referenced but not transcribed,Regional / supplement pending,31 named/numbered beach locations; exact coordinates pending Table S1,Beach sediment sampling,,Location S28 reported as highest in publisher section snippet; exact value not safely exposed.
SI0065-ALL,ST0065,Godavari River — source-to-sink 23-location transect,Maharashtra; Telangana; Andhra Pradesh,,Trimbakeshwar to Antarvedi; includes major cities/towns and four dams,River / reservoirs,,,,Exact station coordinates not transcribed from accessible primary record,Regional,23-location main-course transect,"Water, sediment and fish sampling",,"Includes source, urban/semi-urban upstream/downstream sites, four dams and sink."
SI0067-ALL,ST0067,Lower Ganga — Patna region monitoring locations,Bihar,Patna,,River sediment,,,,Not safely exposed in accessible primary record,Regional,Patna-region lower Ganga,Sediment sampling,,Study evaluates land-use/rainfall relationships; exact monitoring locations and coordinates pending full table.
SI0074-ALL,ST0074,Ganga River — Varanasi region fish collection,Uttar Pradesh,Varanasi,,River / fishery,,,,Not Reported in accessible primary abstract,Regional,Varanasi region only,Fish collection/capture region,,Exact capture sites/coordinates not promoted.
SI0075-ALL,ST0075,Chennai groundwater monitoring sites,Tamil Nadu,Chennai,,Urban groundwater,,,,Supporting information/full article site table not transcribed,Regional / supplement pending,Multiple sites across Chennai,Groundwater sampling,,Pallikaranai waste disposal site identified as major contamination source area; Guindy National Park described as buffer zone.
SI0076-ALL,ST0076,Dal Lake — four basins,Jammu and Kashmir,Srinagar,Hazratbal; Nishat; Gagribal; Nigeen,Urban freshwater lake,,,,Exact station coordinates not transcribed from accessible primary record,Regional,Four-basin Dal Lake study,"Water, sediment and fish sampling",,Gagribal identified as contamination hotspot in primary abstract.
SI0021-ALL,ST0021,Sal estuary study area,Goa,,,Estuary,,,,Not transcribed,Regional,,"Water, sediment and seafood sampling",,
SI0022-ALL,ST0022,Northern Kerala coast — five sites,Kerala,,Kannur to Calicut coast,Coastal seawater,,,,Author study-area endpoints,Regional/endpoints,Study area from 11°51′45″N 75°20′48″E to 11°39′59″N 75°31′18″E; individual five-site coordinates not transcribed,Surface seawater sampling,,
SI0025-01,ST0025,Saint Mary's Island beaches,Karnataka,,,Island beach,,,,Not transcribed,Regional,,Beach sediment sampling,,
SI0046-01,ST0046,Lake Manipal,Karnataka,,,Freshwater lake,,,,Not transcribed,Regional,,Surface-water seasonal sampling,,
SI0057-ALL,ST0057,Chilika Lake — 22 sediment sites,Odisha,,,Brackish lagoon/lake,,,,Not transcribed,Regional,,Sediment sampling,,
SI0058-ALL,ST0058,Nainital Lake and catchment hotspots — 16 sites,Uttarakhand,Nainital,,High-altitude freshwater lake/catchment,,,,Not transcribed,Regional,,Water and sediment sampling,,
SI0027-ALL,ST0027,River Sharavathi and tributaries,Karnataka,,Western Ghats; Shimoga and Uttara Kannada districts,River/tributary shoreline sediment,,,,Sampling map in primary paper; exact coordinates not transcribed,Regional/map,,Sediment sampling,,14 pre-monsoon stations; 9 post-monsoon accessible stations.
SI0029-ALL,ST0029,Upper River Ganga study stretch,Uttarakhand,,,Himalayan river,,,,Not transcribed from accessible primary abstract,Regional,,"Water, sediment and fish sampling",,
SI0030-ALL,ST0030,Mahanadi river-estuary rural/urban transect,Odisha,,,River/estuary,,,,Study area reported between 19–20°N and 85–86°E; exact stations not transcribed,Regional,18 sites; broad study-area bounds only,Water and sediment sampling,,
SI0037-ALL,ST0037,Kadalundi estuary,Kerala,,,Estuary/community reserve,,,,Not transcribed,Regional,,Surface water and fish sampling,,
SI0040-01,ST0040,Veraval Coast,Gujarat,,,Marine coast,,,,Not transcribed,Regional,,Fish collection,,
SI0060-ALL,ST0060,Dapoli coast — six tourist beaches,Maharashtra,,,Beach,,,,Not transcribed from accessible primary abstract,Regional,,Beach sediment sampling,,
SI0023-ALL,ST0023,Marina and Pattinapakkam beaches,Tamil Nadu,Chennai,,Urban beach,,,,Not transcribed,Regional,,Beach sediment sampling,,
SI0044-ALL,ST0044,Five Karnataka Arabian Sea beaches,Karnataka,,,Beach,,,,Not transcribed,Regional,,Beach sediment sampling,,
SI0047-ALL,ST0047,Six prominent Chennai beaches,Tamil Nadu,Chennai,,Urban beach,,,,Primary full article contains sampling locations; exact coordinates not transcribed in this pass,Regional/table pending,,Seasonal beach sediment sampling,,
SI0049-01,ST0049,Urban Nagpur sewage treatment plant,Maharashtra,Nagpur,,Wastewater treatment plant,,,,Not transcribed,Regional,,"Influent, effluent and sludge sampling",,
SI0051-ALL,ST0051,Adyar and Ennore coastal regions,Tamil Nadu,Chennai,,Coastal fishery,,,,Not transcribed,Regional,,Commercial fish capture/collection regions,,
SI0053-ALL,ST0053,Central east coast of India — 21 shelf locations,,,,Coastal shelf / Bay of Bengal,,,,Not transcribed,Regional/transect,21 locations covering ~1200 km; depths 12.8–63 m,Surface water and shelf sediment sampling,,
SI0054-ALL,ST0054,Southwest coast SGD and non-SGD beach sites,Kerala,,,Beach / submarine groundwater discharge zones,,,,Not transcribed,Regional,,Beach sediment sampling,,
SI0055-ALL,ST0055,39 rural and urban lakes of Tamil Nadu,Tamil Nadu,,,Freshwater lakes,,,,Individual lake coordinates not transcribed,Regional / multi-site,,Lake water and sediment sampling,,
SI0033-ALL,ST0033,North Chennai study sites,Tamil Nadu,Chennai,,Urban/coastal water and sediment,,,,Not transcribed,Regional,,Water and sediment sampling,,
SI0034-ALL,ST0034,Tamil Nadu multi-water study,Tamil Nadu,,,Rivers / groundwater / stored and packaged water,,,,Individual source coordinates not transcribed,Regional/multi-source,,Water-source sampling,,
SI0036-ALL,ST0036,Ashtamudi Lake,Kerala,,,Brackish Ramsar estuary/lake,,,,Sampling sites in primary article; exact coordinates not transcribed in this pass,Regional/table pending,,"Water, sediment, fish and shellfish sampling",,
SI0039-ALL,ST0039,Deepor Beel,Assam,,,Ramsar wetland,,,,Sampling map/full text; exact coordinates not transcribed,Regional,,"Water, sediment and fish sampling",,
SI0052-ALL,ST0052,Thoothukudi coast,Tamil Nadu,Thoothukudi,,Marine coast,,,,Not transcribed,Regional,,Pelagic and benthic biota sampling,,
SI0032-ALL,ST0032,Maharashtra coast — 17 stations,Maharashtra,,,Beach/coastal water,,,,Map and supplements in primary article; exact coordinates not transcribed,Regional/multi-site,"17 stations: north 6, central 7, south 4",Coastal water and beach sediment sampling,,
SI0035-ALL,ST0035,Indian riverine systems study sites,,,,River,,,,Not transcribed from accessible primary abstract,Regional/multi-site,,"Water, sediment and fish sampling",,
SI0042-ALL,ST0042,Eight South Andaman beaches,Andaman and Nicobar Islands,,,Beach,,,,Not transcribed,Regional/multi-site,,Beach sediment sampling,,Kodiyaghat highest; Burmanullah lowest in primary abstract.
SI0043-ALL,ST0043,Marina beach coastal stretch,Tamil Nadu,Chennai,Marina beach,Urban sandy beach / nearshore water,,,,Study transects; exact coordinates not transcribed,Regional/transect,"~5 km coast, 0.92 km² study surface","Water, wet sediment and dry sand sampling",,
SI0048-ALL,ST0048,Palk Bay and Gulf of Mannar coast,Tamil Nadu,,,Beach/coastal biota,,,,Not transcribed,Regional/multi-site,,12 sediment beaches; biota from 6 beaches,,
SI0024-ALL,ST0024,20 sandy beaches along Gujarat coast,Gujarat,,,Beach,,,,Not transcribed,Regional / multi-site,,Beach sediment sampling,,
SI0028-ALL,ST0028,Nethravati River estuary / southwest Mangalore beach,Karnataka,Dakshina Kannada,,Estuary/intertidal coast,,,,Primary paper maps/stations not transcribed,Regional,,Surface sediment sampling,,
SI0041-ALL,ST0041,Five Tamil Nadu coastal beach areas,Tamil Nadu,,,Beach,,,,Not transcribed,Regional / multi-site,,High-tide and low-tide sediment sampling,,
SI0045-GJ,ST0045,Gujarat salt-producing region,Gujarat,,,Edible sea-salt production,,,,Procurement/production region; exact coordinate not applicable,Regional,,Salt sample origin,,
SI0045-TN,ST0045,Tamil Nadu salt-producing region,Tamil Nadu,,,Edible sea-salt production,,,,Procurement/production region; exact coordinate not applicable,Regional,,Salt sample origin,,
SI0050-ALL,ST0050,19 estuaries across nine Tamil Nadu coastal districts,Tamil Nadu,,,Estuary,,,,Primary paper study-site table/section; exact coordinates not transcribed,Regional / multi-site,,"Water, sediment and biota sampling",,"Includes Ennore Creek, Cooum, Adyar, Palar, Muttukadu, Vellar, Pichavaram and additional estuaries."
SI0056-ALL,ST0056,Seven technology-based STPs along middle Ganga,Uttar Pradesh,,,Wastewater treatment plants,,,,Table S1 not transcribed,Regional / multi-facility,,"Influent, treatment-stage, effluent and sludge sampling",,
SI0026-ALL,ST0026,"Kaveri River — Killa Chinthamani, Tiruchirappalli, 14 sites",Tamil Nadu,Tiruchirappalli,,River,,,,Exact site coordinates not transcribed,Regional / multi-site,,River sediment sampling,,
SI0031-ALL,ST0031,Seven eastern-coast beaches spanning approximately 1200 km,,,,Marine coast / beach,,,,Exact beach coordinates not transcribed,Regional / multi-site,,"Marine water, beach sand and fish sampling",,
SI0038-ALL,ST0038,25 beaches along Maharashtra coast,Maharashtra,,,Beach,,,,Supplement/site table not transcribed,Regional / multi-site,,Beach sediment sampling,,
SI0059-ALL,ST0059,Dal Lake — Gagribal and Nigeen basins,Jammu and Kashmir,Srinagar,,Freshwater lake shoreline,,,,Exact sampling coordinates not transcribed,Regional / basin-level,,Shoreline sediment sampling,,
SI0011-Z1,ST0011,Dalavapuram (Ashtamudi estuary),Kerala,Kollam,Dalavapuram,Estuary,8.93775,76.5475,8°56′15.9″N; 76°32′51.0″E,Reported by authors; decimal converted from DMS,Converted from Reported DMS,DMS-to-decimal conversion,Sampling zone,,Z1; M. bilineata.
SI0011-Z2,ST0011,Kayamkulam estuary,Kerala,Alappuzha,Kayamkulam,Estuary,9.1226944444,76.4726666667,9°07′21.7″N; 76°28′21.6″E,Reported by authors; decimal converted from DMS,Converted from Reported DMS,DMS-to-decimal conversion,Sampling zone,,Z2; M. bilineata and P. viridis.
SI0011-Z3,ST0011,Muhamma (Vembanad Lake freshwater),Kerala,Alappuzha,Muhamma,Freshwater lake,9.6177222222,76.3713055556,9°37′03.8″N; 76°22′16.7″E,Reported by authors; decimal converted from DMS,Converted from Reported DMS,DMS-to-decimal conversion,Sampling zone,,Z3; V. cyprinoides.
SI0011-Z4,ST0011,Aluva (Periyar River freshwater),Kerala,Ernakulam,Aluva,Freshwater river,10.1258611111,76.2810277778,10°07′33.1″N; 76°16′51.7″E,Reported by authors; decimal converted from DMS,Converted from Reported DMS,DMS-to-decimal conversion,Sampling zone,,Z4; V. cyprinoides.
SI0011-Z5,ST0011,Sathar Island (Vembanad estuary),Kerala,Ernakulam,Sathar Island,Estuary,10.1914722222,76.1923333333,10°11′29.3″N; 76°11′32.4″E,Reported by authors; decimal converted from DMS,Converted from Reported DMS,DMS-to-decimal conversion,Sampling zone,,Z5; P. viridis.
SI0097-DE,ST0097,Devipattinam,Tamil Nadu,Ramanathapuram,Devipattinam,Beach,9.48,78.89,"9.48°N, 78.89°E",Reported by authors,Reported Exact,,Beach sediment sampling,,
SI0097-MA,ST0097,Mandapam,Tamil Nadu,Ramanathapuram,Mandapam,Beach,9.28,79.15,"9.28°N, 79.15°E",Reported by authors,Reported Exact,,Beach sediment sampling,,
SI0097-RA,ST0097,Rameswaram,Tamil Nadu,Ramanathapuram,Rameswaram,Beach,9.27,79.31,"9.27°N, 79.31°E",Reported by authors,Reported Exact,,Beach sediment sampling,,
SI0097-ER,ST0097,Ervadi,Tamil Nadu,Ramanathapuram,Ervadi,Beach,9.2,78.72,"9.20°N, 78.72°E",Reported by authors,Reported Exact,,Beach sediment sampling,,
SI0097-MO,ST0097,Mookaiyur,Tamil Nadu,Ramanathapuram,Mookaiyur,Beach,9.12,78.48,"9.12°N, 78.48°E",Reported by authors,Reported Exact,,Beach sediment sampling,,
