Size_Method_ID,Sample_ID,Sampling_Mesh_um,Processing_Sieve_um,Filter_Pore_um,Analytical_Lower_Limit_um,Operational_Reporting_Cutoff_um,Reported_Min_Observed_um,Reported_Max_Observed_um,Upper_Size_Cutoff_um,Size_Classes_Reported,Size_Limit_Basis,Size_Discrepancy_Flag
SZ0003-W,SA0003-WAT,120,,,Not Reported,300,,,5000,0.3; 1; 2 mm,Processing cutoff from sieve series,Analytical lower limit not reported
SZ0003-S,SA0003-SED,,300,,Not Reported,300,,,5000,0.3; 1; 2 mm,Processing cutoff,
SZ0006,SA0006-HTL,,300,,Not Reported,300,,,9500,0.3–0.6; 0.6–1.18; 1.18–2.36; 2.36–4.75 mm; mesoplastics 4.75–9.5 mm,Processed lower cutoff,MP vs mesoplastic classes retained
SZ0009-E,SA0009-ED,,,11,100,100,115,210,5000,100–200; 200–400; 400–600; 600–800; 800–1000; 1000–5000 µm,Operational reporting/FTIR cutoff,11 µm filter is not analytical cutoff
SZ0009-I,SA0009-INED,,,11,100,100,136,4010,5000,100–200; 200–400; 400–600; 600–800; 800–1000; 1000–5000 µm,Operational reporting/FTIR cutoff,11 µm filter is not analytical cutoff
SZ0013,SA0013-KAL,,60,,Not Reported,50,,,5000,50–100; 100–500; 500–1000; 1000–5000 µm,Operational reporting cutoff,60 µm sieve vs 50 µm count cutoff
SZ0019,SA0019-INF,,250,0.22,Not Reported,250,,,5000,1–3 mm common observed range,Processing sieve lower cutoff,0.22 µm membrane is not detection limit
SZ0015-D,SA0015-DUST,,5000,0.45,Not Reported,Not Reported,,,5000,Majority <1 mm,5-mm pre-sieve; 0.45-µm cellulose nitrate filtration,Filter pore is not analytical lower limit
SZ0015-A,SA0015-AIR,Not Applicable,,0.45,Not Reported,Not Reported,,,,Aerosol sampler collected <10 µm and >10 µm particulate fractions; MPs majority <1 mm,Aerosol aerodynamic fraction is not MP analytical cutoff,Do not conflate particulate aerodynamic diameter with MP size
SZ0016,SA0016-01,,5000,11,Not Reported,Not Reported,,,5000,No full size distribution in main text; difficulty detecting <50 µm noted,5-mm sieve; Whatman Grade 1 filter,<50 µm detection difficulty ≠ formal cutoff
SZ0017,SA0017-SALT,,,0.45,Not Reported,Not Reported,,>5000 fibers reported,Not fixed,80% fibers <2000 µm; 80% fragments <500 µm; all fragments <1000 µm; some fibers >5 mm,0.45-µm cellulose nitrate filter after dissolution,Some extracted fibers >5 mm despite microplastic framing
SZ0018-N,SA0018-NAT,,,1.6,Not Reported,10,17,2855,5000,10–100; 100–1000; 1000–2000; 2000–5000 µm,Reporting classes begin at 10 µm; 1.6 µm filter pore and 17 µm smallest observed are distinct,"10 µm is operational/reporting-bin boundary, not demonstrated analytical detection limit"
SZ0018-L,SA0018-LOC,,,1.6,Not Reported,10,17,2983,5000,10–100; 100–1000; 1000–2000; 2000–5000 µm,Reporting classes begin at 10 µm; 1.6 µm filter pore and 17 µm smallest observed are distinct,"10 µm is operational/reporting-bin boundary, not demonstrated analytical detection limit"
SZ0020,SA0020-01-IN,,,,Not Determinable,Not Determinable,,,5000,43–63; 63–125; 125–355; 355–5000 (table labels µm),Table 6 labels size classes as µm,Narrative later prints mm for same classes; preserve table unit and flag inconsistency
SZ0001,SA0001-WAT,,,,Not Reported,Not Reported,,,5000,,Conference proceedings only,Analytical lower limit not reported
SZ0002,SA0002-S01,,5000,,Not Reported,Not Reported,,,5000,<5 mm,5 mm exclusion sieve,Lower analytical cutoff not reported
SZ0004-W,SA0004-WAT,300,,1.2,Not Reported,300,,,5000,<1; 1–2.5; 2.5–5; >5 mm,Sampling mesh governs water retention,"GF/F 1.2 µm is downstream filter, not sampling cutoff"
SZ0004-S,SA0004-SED,,300,1.2,Not Reported,300,,,5000,<1; 1–2.5; 2.5–5; >5 mm,300 µm sediment processing sieve,>5 mm also recorded separately but MP results focus <5 mm
SZ0005,SA0005-B01,,1000,,Not Reported,1000,,,5000,~1–2; 2–5 mm microplastic; 5–100 mm macroplastic,Operational study definition,Particles <1 mm were rare exceptions; primary quantified microplastic window ~1–5 mm
SZ0007,SA0007-J19,,,0.7,Not Reported,,,,5000,1–500; 501–1000; 1001–1500; 1501–2000; 2001–2500; 2501–3000; 3001–3500; 3501–4000; 4001–4500; 4501–5000 µm,Reported size classes,Filter pore is not analytical lower limit
SZ0008-W,SA0008-WAT,200,,,Not Reported,200,,,5000,>1 mm; 1–5 mm (wording as reported),Sampling mesh,Paper size-category wording appears internally awkward; preserve as reported
SZ0008-S,SA0008-SED,,100,0.4,Not Reported,100,,,5000,>1 mm; 1–5 mm,0.1 mm processing sieve,0.4 µm downstream filter is not analytical cutoff
SZ0008-F,SA0008-FISH,,,0.4,Not Reported,,270,3200,5000,,Observed fish-gut size range,Filter pore is not analytical cutoff
SZ0010,SA0010-OYS,333,,,Not Reported,,500,,5000,,FTIR selected particles >0.5 mm,333 µm mesh applies water; oyster analytical lower cutoff not explicitly reported
SZ0011-W,SA0011-WAT,,300,1.2,Not Reported,1.2,,,5000,<300 µm additionally quantified,Sequential 0.3 mm sieve + 1.2 µm microfiber filter,Do not equate filter pore with confirmed analytical detection limit
SZ0011-B,SA0011-BIV-DG,,,1.2,Not Reported,,40,3890,5000,<1; 1–2; 2–3; 3–4 mm,Observed study-wide size range 0.04–3.89 mm; tissue filter pore is not analytical lower limit,Study-wide observed range retained; not asserted as tissue-specific analytical cutoff
SZ0012,SA0012-GOA-SURF,,100,,Not Reported,100,,,5000,0.1–0.3; 0.3–1; 1–5 mm,5 mm and 100 µm sequential sieves,ATR-FTIR applied to 0.3–1 and 1–5 mm particles; not all 0.1–0.3 mm particles chemically characterized
SZ0014,SA0014-AMP1,,,0.2,Not Reported,,67,2320,5000,,Observed range 67–2320 µm,0.2 µm filter pore is not analytical lower detection limit
SZ0081,SA0081-MUM,,,0.45,Not Reported,,9,3800,5000,1–100 µm reported as dominant pooled class,"0.45 µm membrane is filtration pore, not analytical cutoff",Observed minima vary by site; do not treat as analytical limit
SZ0082-C,SA0082-CM1,,,0.45,Not Reported,,,3800,5000,<100 µm dominant,Filter pore not analytical cutoff,
SZ0082-W,SA0082-W1,,,,Not Reported,,,5100,,<100 µm dominant,Observed maximum exceeds conventional 5 mm MP boundary in water; preserve source,Source reports largest coastal-water item 5.1 mm
SZ0083,SA0083-FISH,,,,Not Reported,,9,3600,5000,<250 µm prominent,"Observed min/max from results, not analytical cutoff",
SZ0085,SA0085-FRESH,,,,Not Reported,,,,5000,,No analytical lower limit inferred from observed particles,
SZ0086,SA0086-AP-SHR,,,,Not Reported,,8,4220,5000,<100 µm predominant,Observed range 8 µm–4.22 mm,
SZ0087,SA0087-LM-Fresh,,,,Not Reported,,,,5000,<100 µm and >100 µm categories discussed,No analytical lower limit inferred,
SZ0089-01,SA0089-ALL,,,0.45,,,,5000,5000,FTIR analyzed particles ~200 µm to 5 mm; full visual counting lower size limit not explicitly reported,"0.45 µm is Whatman GF/C filter pore; ~200 µm is FTIR analysis lower size, not overall analytical/reporting cutoff",YES — filter pore and FTIR lower size must not be treated as occurrence cutoff
SZ0091-01,SA0091-SED,,,,,,,,,Study keyword states size-fractionated microplastics; exact lower/upper size limits not safely exposed in accessible text,Not Reported,YES — size method requires full article/PDF extraction before strict size-window comparison
SZ0093-01,SA0093-SP,,,,Not Reported,Not Reported,,1000,1000,<100; 100–500; 500–1000 µm,Detailed results include <100 µm category; abstract states 100 µm–1 mm,Internal source inconsistency: abstract 100 µm–1 mm vs results explicitly including <100 µm; do not impose 100 µm lower boundary
SZ0090-01,SA0090-01,,,,,,,,,Most particles (71.3%) were ≤500 µm,Accessible primary abstract reports proportion ≤500 µm but does not expose analytical lower limit or full size-class boundaries.,"Analytical lower size limit NOT REPORTED in accessible primary record; ≤500 µm is a reported distribution threshold, not a detection limit."
SZ0096-01,SA0096-ES,,,,,,,,5000,Study defines microplastics as particles <5 mm; detailed lower limit and size classes not safely exposed.,Publisher introduction explicitly states particles <5 mm are considered microplastics in this study.,"Analytical lower size limit / processing sieve / filter pore NOT REPORTED in accessible primary text; 5 mm is an upper definition, not a lower detection limit."
SZ0097-01,SA0097-ALL,,,,,,,,,1–2 mm was the most prevalent reported size class (23.48%),"Accessible primary abstract reports dominant size class only; analytical lower size limit, processing sieve and full size-bin scheme are not exposed.",Do not interpret 1 mm as analytical lower cutoff; it is only the dominant reported size class.
SZ0088-W,SA0088-W,15,,,,,,,,,"15 µm plankton net is sampling mesh, not automatically analytical lower limit.",Analytical lower limit not equated to mesh.
SZ0098-01,SA0098-S,,,,,,1,5000,5000,0.001–0.25 mm; >0.25–0.50; 0.5–1; 1–2; 2–3; 3–<5 mm,Full text reports six particle-size groups; minimum class starts at 0.001 mm.,Sampling/filtration hierarchy retained separately; do not equate QA/QC prefilter pore with analytical cutoff.
SZ0094-01,SA0094-S,,,,,,,,,<1000 µm accounted for 74.8%,Abstract-level size distribution only,Analytical lower cutoff NR; <1000 µm is a distribution statement.
SZ0061-01,SA0061-ALL,,,,,,,,,Different sizes reported; detailed classes not exposed in accessible primary abstract.,Analytical lower size limit not safely available from accessible primary record.,"Nile-red/Raman methods are reported, but do not infer lower cutoff from method name."
SZ0062-01,SA0062-01,50,60,,,,,,,"305, 200, 100 and 60 µm filtration residues; reported microplastic size range 60 µm–4 mm",50 µm plankton net; subsequent filter cloths 305/200/100/60 µm; authors report detected range to 60 µm.,Sampling mesh 50 µm differs from smallest reported/filter fraction 60 µm; preserve both.
SZ0078-01,SA0078-L1,,,,,,,,,Particles analysed/reported in the 150–300 µm range,Publisher Results/Conclusion reports observed/analysed particles measuring 150–300 µm.,"Treat as reported particle size range, not necessarily universal analytical detection window."
SZ0079-01,SA0079-ALL,,,,,,,,,>91% of detected MPs were <40 µm,Study specifically emphasizes sub-40 µm particles using Nile Red fluorescence and micro-Raman confirmation.,"Exact analytical lower detection limit not promoted from current extracted text; <40 µm is a distribution threshold, not a lower cutoff."
SZ0066-01,SA0066-GW,,,,,,,,,20–200 µm beads/pellets dominated,Publisher abstract reports dominant morphology-size range; analytical lower limit not established.,"20 µm is part of dominant reported range, not assumed analytical cutoff."
SZ0068-01,SA0068-GW,,,,,,,,,Sub-30 µm particles dominated,Publisher highlights; analytical lower limit not exposed.,"<30 µm is dominant fraction, not lower detection limit."
SZ0069-01,SA0069-S1,,,,,,,,5000,≤5 mm definition; five 2-cm sediment-depth intervals,Full text defines MPs ≤5 mm; analytical lower size limit not established from extracted passages.,5 mm is upper definition only.
SZ0070-01,SA0070-WAT,,,,,300,,,5000,0.3–1 mm and 1–5 mm; 1–5 mm more common,Publisher abstract explicitly reports these two size groups.,300 µm is lowest reported class boundary; detailed sampling/analytical hierarchy pending full text.
SZ0063-01,SA0063-W,,,,,,,,,Majority approximately 300 µm–1 mm,Primary abstract reports majority size range only.,300 µm is not treated as analytical lower cutoff.
SZ0064-01,SA0064-S,,,,,,,,,50–2000 µm; particles <1000 µm mostly common,Publisher abstract reports recovered size range.,Reported recovered range; exact analytical detection limit/procedural sieve hierarchy pending full methods.
SZ0065-01,SA0065-W,,,,,,,,,Not safely exposed in accessible primary record,No analytical lower size limit promoted from abstract.,Do not infer from micro-Raman capability.
SZ0067-01,SA0067-S,,,,,,,,,0–1 mm was the most prevalent size class,Publisher section text reports dominant 0–1 mm class.,"0 µm is a class-label boundary, not a demonstrated analytical lower detection limit."
SZ0074-01,SA0074-F,,,,,,,,,Not safely exposed in accessible primary abstract,No analytical lower size limit promoted from abstract.,Do not infer cutoff from Raman spectroscopy.
SZ0075-01,SA0075-GW,,,,,,,,,Not safely extracted from accessible publisher text in this pass,Supporting Data S1/full methods available but numeric size hierarchy not transcribed.,Leave analytical cutoff NR rather than infer.
SZ0076-01,SA0076-F,,,,,,,,,Fish: smaller particles <100 µm reported as more bioavailable,Primary abstract reports <100 µm as ecological/ingestion size grouping.,"<100 µm is a distribution/risk grouping, not the analytical lower cutoff."
SZ0021-01,SA0021-B,,,,,,,,,10–300 µm smaller MPs especially significant in biota,Biota-associated reported size range; not analytical lower cutoff,Do not apply 10 µm as universal study cutoff.
SZ0022-01,SA0022-W,240,,,,,,,,Fibres 0.29–2 mm; fragments/flakes 0.08–0.8 mm,240 µm zooplankton net; observed fragments below mesh nominal size reported by authors,Observed 80 µm fragments are smaller than nominal 240 µm mesh; preserve as reported rather than treating mesh as analytical cutoff.
SZ0025-01,SA0025-S,,,,,,,,,Majority 0.1–0.3 mm,Dominant size class from publisher highlight,Not analytical lower limit.
SZ0046-01,SA0046-W,,,,,,,,,0.3–1 mm small-size class more abundant in both seasons,Reported dominant size class,"0.3 mm is class boundary, not necessarily lower analytical cutoff."
SZ0057-01,SA0057-S,,,,,,,,,50–500 µm,Recovered/reported particle size range in primary abstract,Treat as reported size range; detailed processing cutoff not inferred.
SZ0058-01,SA0058-WL,,,,,,,,,0.02–1 mm predominant,Predominant reported size range,"20 µm is reported predominant-range lower bound, not automatically analytical detection limit."
SZ0027-01,SA0027-PRM,,300,,,,,,,0.3–1 mm and 1–5 mm; smaller class more abundant,Wet-sieved through 5 mm and 0.3 mm; recovered MPs classified in 0.3–1 and 1–5 mm,300 µm is explicit processing cutoff.
SZ0029-01,SA0029-W,,,,,,,,,Majority fibers 100 µm–1 mm,Primary abstract reports majority size range,"100 µm is reported dominant-range boundary, not necessarily analytical lower cutoff."
SZ0030-01,SA0030-W,,,,,,,,,84.9% of water MPs between <125 µm and 1000 µm; sediment 94.0% between 125 and 5000 µm,Primary record size-distribution statement,"'<125 µm' is a reported bin, not an exact analytical lower limit."
SZ0040-01,SA0040-F,,,,,,,,,0.05–0.1 mm dominant size class,Primary abstract dominant size class,"50 µm is class boundary, not analytical lower cutoff."
SZ0060-01,SA0060-S,,,,,,,,,Microplastics defined as <5 mm; detailed size distribution not safely exposed,Definition/upper boundary only,"5 mm is upper definition cutoff, not lower analytical limit."
SZ0053-01,SA0053-W,,,,,,,,,Small MPs <1 mm account for >50% and are dominant offshore,Reported distribution threshold,"<1 mm is distribution statement, not analytical lower cutoff."
SZ0055-01,SA0055-W,,,,,,,,,0.5–1 mm dominant,Dominant size class from primary abstract,"0.5 mm is class boundary, not analytical lower cutoff."
SZ0036-01,SA0036-F,,,,,,,,,Smallest observed MP 0.92 mm; maximum observed 4.98 mm,Observed particle sizes in full text,"0.92 mm is smallest observed particle, NOT analytical lower detection limit."
SZ0039-01,SA0039-W,,,,,,,,,Fibres 150–1782 µm; fragments 85–325 µm; spheres 85–220 µm,Observed particle size ranges,"85 µm is smallest reported observed range boundary, not automatically analytical lower cutoff."
SZ0052-01,SA0052-B,,,,,,,,,0.5–1 mm commonly observed in both pelagic and benthic species,Dominant/common size class,"0.5 mm is class boundary, not analytical lower cutoff."
SZ0064-01,SA0064-S,,,,,,,,,Small MPs <1000 µm mostly common,Dominant size category,"<1000 µm is distribution threshold, not lower analytical cutoff."
SZ0035-01,SA0035-W,,,,,,,500,,<0.5 mm MPs abundant,Primary highlight distribution threshold,"500 µm is a dominant-size threshold, not analytical upper/lower cutoff."
SZ0042-01,SA0042-S,,,,,,500,1000,,500–1000 µm dominant,Primary publisher highlight,Dominant class only; not analytical lower cutoff.
SZ0048-01,SA0048-S,,,,,,300,1000,,0.3–1 mm dominant in sediments and biota,Primary publisher highlight,Dominant size interval; 300 µm not assumed universal analytical cutoff.
SZ0050-01,SA0050-W,,,,,,,,,Summer more small-size MPs (<0.5–1 mm); monsoon greater polymer diversity,Reported seasonal size-distribution statement,"0.5–1 mm is distribution wording, not analytical lower cutoff."
SZ0056-01,SA0056-INF,,,,,,50,250,,50–250 µm dominant,Dominant reported size class,"50 µm is dominant-class lower boundary, not automatically analytical lower detection limit."
SZ0026-R1,SA0026-S,,,,Not Reported,Not Reported,,,5000,<0.1; 0.1–0.5; 0.5–1; 1–3; 3–5 mm,Source-reported size classes; <0.1 mm class boundary is not an analytical detection limit,Human GATE03P R1 correction
SZ0045-GJ-R1,SA0045-GJ,,,,Not Reported,Not Reported,,,,100–200 µm (37.7%); 200–500 µm (31.2%); 500–1000 µm (16.2%); >1 mm (15%); some fragments >5 mm,Observed/reported size distribution; no analytical lower limit inferred,Human GATE03P R1 correction
SZ0045-TN-R1,SA0045-TN,,,,Not Reported,Not Reported,,,,100–200 µm (37.7%); 200–500 µm (31.2%); 500–1000 µm (16.2%); >1 mm (15%); some fragments >5 mm,Study-level pooled size distribution copied to state sample contexts for traceability; not a state-specific estimate,Human GATE03P R1 correction
SZ0059-R1,SA0059-S,,,,Not Reported,Not Reported,,,,Basin-specific size distributions reported; includes 0.3–<1 mm category in Gagribal,Reported size-distribution context from main article/supplement discussion; exact supplement-only details not reconstructed,Human GATE03P R1 correction; supplement-only numerical details remain unverified
SZ0097-R1,SA0097-ALL,,,11,Not Reported,Not Reported,,,5000,<0.5; 0.5–1; 1–2; 2–3; 3–4; 4–5 mm,"Full-paper morphological size classification; 11 µm filter is processing metadata, not analytical lower limit",1–2 mm = 23.48% most prevalent
