Discrepancy_ID,Study_ID,Field_or_Metric,Value_A,Source_A,Value_B,Source_B,Discrepancy_Type,Resolution_Status,IMED_Action,Notes
DISC0003-1,ST0003,Water abundance/unit,5.9 particles/L,Results abundance text,5.9 n/m3,Later text,Unit inconsistency,Unresolved in source,Preserve both; do not reconcile,
DISC0006-1,ST0006,Fish prevalence,7 positive fish of 79,Reported numerator,10.1%,Paper wording,Numerator/percentage inconsistency,Unresolved in source,Preserve wording and numerator,7/79=8.86%; 8/79=10.13%
DISC0009-1,ST0009,Filter pore vs reporting cutoff,11 µm filter,Methods,100 µm cutoff,Methods,Method hierarchy,Resolved by schema,Separate fields,
DISC0013-1,ST0013,Size cutoff,60 µm sieve,Processing,50 µm count cutoff,Reporting,Method hierarchy,Resolved by schema,Preserve both,
DISC0019-1,ST0019,Size cutoff,0.22 µm membrane,Filtration,0.25 mm retained fraction,Processing,Method hierarchy,Resolved by schema,Do not call membrane pore detection limit,
DISC0016-1,ST0016,Overall abundance SD,227.94 ± 91.37 /100 g,Abstract/highlights,227.94 ± 89.82 particles/100 g,Results section,,,,
DISC0020-1,ST0020,Size-class units,"Table 6 labels 43–63, 63–125, 125–355, 355–5000 as µm",Table 6,Narrative later prints mm for the same classes,Results narrative,,,,
DISC0089-01,ST0089,Species-location assignment: Labeo boggut,"Karnal, Haryana",Table 1,"Yamuna Nagar, Haryana",Table 2,Internal source inconsistency,OPEN,Do not reconcile; preserve discrepancy and avoid site-specific derived abundance for this species.,Primary accessible text differs between Tables 1 and 2.
DISC0089-02,ST0089,Oreochromis niloticus Sur Ghat total MPs,264,Table 2,265,Results narrative,Internal source inconsistency,OPEN,Do not reconcile; no site/species derived mean promoted.,One-particle discrepancy.
DISC0089-03,ST0089,Puntius sophore site narrative,Karnal=102; Yamuna Nagar=71,Table 2,Sonia Vihar=102; Sur Ghat=71,Results narrative,Internal source inconsistency,OPEN,Use Table 2 only as source record; do not promote site-specific derived values pending VOR/table check.,Narrative appears inconsistent with table/localities.
DISC0089-04,ST0089,Chela cachius site narrative,Karnal=45; Sur Ghat=82,Table 2,Sonia Vihar=45; Sur Ghat=82,Later narrative,Internal source inconsistency,OPEN,Do not reconcile; site-specific derived values withheld.,Narrative changes Karnal to Sonia Vihar.
DISC0078-01,ST0078,,,Abstract range states 89–637 mg/L but also says highest Saduperi 673 mg/L,,Results/Figure discussion and Conclusion state Saduperi 637 mg/L,,UNRESOLVED — RETAINED,,Also note abstract wording itself is internally inconsistent because its stated range maximum is 637 mg/L.
DISC0047-01,ST0047,,States NE monsoon spatial variation was higher than SW monsoon,Primary abstract wording,NE mean 247.4 items/kg; SW mean 302.7 items/kg,Primary abstract numerical means,,UNRESOLVED — PRESERVE BOTH,,
DISC0093-01,ST0093,Temporal maximum / range,65–620 items/kg,Results / abstract temporal range,T5 peaked at 930.49 items/kg in June 2022,Global-comparison narrative,Internal numerical inconsistency,Unresolved in source,Preserve both; do not silently reconcile,GATE03P AI review identified conflict between reported temporal range and later narrative.
DISC0018-HR1,ST0018,Size-method hierarchy,10 µm,Lowest reporting-bin boundary,1.6 µm filter; 17 µm smallest observed,Methods/results,Method hierarchy,Resolved by schema,Analytical lower limit = Not Reported; retain 10 µm as operational reporting cutoff,Human GATE03P R1 correction.
DISC0093-02,ST0093,Reported size range,100 µm–1 mm,Abstract,<100; 100–500; 500–1000 µm,Detailed results §3.1.1,Internal source inconsistency,Unresolved in source,Preserve both; do not impose 100 µm analytical/reporting minimum,Human GATE03P R1 correction.
