Table,Column_Position,Field
STUDIES,1,Study_ID
STUDIES,2,Title
STUDIES,3,Authors
STUDIES,4,Year
STUDIES,5,Journal
STUDIES,6,Volume
STUDIES,7,Issue
STUDIES,8,Pages_or_Article_Number
STUDIES,9,DOI
STUDIES,10,Publication_Type
STUDIES,11,Peer_Reviewed
STUDIES,12,Country
STUDIES,13,States_UTs
STUDIES,14,Study_Start_Date
STUDIES,15,Study_End_Date
STUDIES,16,Matrices_Studied
STUDIES,17,Open_Access_Status
STUDIES,18,PDF_Status
STUDIES,19,Entry_Status
STUDIES,20,Verified_By
STUDIES,21,Verification_Date
STUDIES,22,Original_Stub_Note
STUDIES,23,Notes
SITES,1,Site_ID
SITES,2,Study_ID
SITES,3,Site_Name
SITES,4,State_UT
SITES,5,District
SITES,6,Locality
SITES,7,Environment_Type
SITES,8,Latitude
SITES,9,Longitude
SITES,10,Coordinate_Format_Original
SITES,11,Coordinate_Source
SITES,12,Coordinate_Status
SITES,13,Coordinate_Uncertainty
SITES,14,Location_Role
SITES,15,Catch_Area_Description
SITES,16,Site_Notes
SAMPLES,1,Sample_ID
SAMPLES,2,Study_ID
SAMPLES,3,Site_ID
SAMPLES,4,Matrix
SAMPLES,5,Submatrix
SAMPLES,6,Sampling_Position
SAMPLES,7,Treatment_Stage
SAMPLES,8,Sample_Date_Start
SAMPLES,9,Sample_Date_End
SAMPLES,10,Sampling_Method
SAMPLES,11,Sample_Amount
SAMPLES,12,Sample_Amount_Unit
SAMPLES,13,N_Replicates
SAMPLES,14,Composite_or_Individual
SAMPLES,15,Depth_Value
SAMPLES,16,Depth_Unit
SAMPLES,17,Sampling_Duration_days
SAMPLES,18,Sample_Storage
SAMPLES,19,Mass_Basis
SAMPLES,20,Group_Label
SAMPLES,21,Temporal_Representativeness
SAMPLES,22,Protocol_Variant
MEASUREMENTS,1,Measurement_ID
MEASUREMENTS,2,Sample_ID
MEASUREMENTS,3,Biota_ID
MEASUREMENTS,4,Scope_Type
MEASUREMENTS,5,Scope_ID
MEASUREMENTS,6,Metric_Type
MEASUREMENTS,7,Reported_Value_Text
MEASUREMENTS,8,Mean
MEASUREMENTS,9,SD
MEASUREMENTS,10,SE
MEASUREMENTS,11,Min
MEASUREMENTS,12,Max
MEASUREMENTS,13,N
MEASUREMENTS,14,Unit_Original
MEASUREMENTS,15,Denominator_Type
MEASUREMENTS,16,Mass_Basis
MEASUREMENTS,17,Standardized_Value
MEASUREMENTS,18,Conversion_Possible
MEASUREMENTS,19,Conversion_Formula_Basis
MEASUREMENTS,20,Reported_or_Derived
MEASUREMENTS,21,Aggregation_Level
MEASUREMENTS,22,Comparability_Flag
SIZE_METHODS,1,Size_Method_ID
SIZE_METHODS,2,Sample_ID
SIZE_METHODS,3,Sampling_Mesh_um
SIZE_METHODS,4,Processing_Sieve_um
SIZE_METHODS,5,Filter_Pore_um
SIZE_METHODS,6,Analytical_Lower_Limit_um
SIZE_METHODS,7,Operational_Reporting_Cutoff_um
SIZE_METHODS,8,Reported_Min_Observed_um
SIZE_METHODS,9,Reported_Max_Observed_um
SIZE_METHODS,10,Upper_Size_Cutoff_um
SIZE_METHODS,11,Size_Classes_Reported
SIZE_METHODS,12,Size_Limit_Basis
SIZE_METHODS,13,Size_Discrepancy_Flag
MATRIX_CONTEXT,1,Context_ID
MATRIX_CONTEXT,2,Sample_ID
MATRIX_CONTEXT,3,Context_Domain
MATRIX_CONTEXT,4,Variable
MATRIX_CONTEXT,5,Value
MATRIX_CONTEXT,6,Unit
MATRIX_CONTEXT,7,Status
PARTICLE_CHARACTERISTICS,1,Characteristic_ID
PARTICLE_CHARACTERISTICS,2,Study_ID
PARTICLE_CHARACTERISTICS,3,Scope_Type
PARTICLE_CHARACTERISTICS,4,Scope_ID
PARTICLE_CHARACTERISTICS,5,Sample_ID
PARTICLE_CHARACTERISTICS,6,Characteristic_Type
PARTICLE_CHARACTERISTICS,7,Category
PARTICLE_CHARACTERISTICS,8,Value
PARTICLE_CHARACTERISTICS,9,Unit
PARTICLE_CHARACTERISTICS,10,N
PARTICLE_CHARACTERISTICS,11,Aggregation_Level
PARTICLE_CHARACTERISTICS,12,Identification_Method
PARTICLE_CHARACTERISTICS,13,Evidence_Level
PARTICLE_CHARACTERISTICS,14,Notes
POLYMERS,1,Polymer_Record_ID
POLYMERS,2,Study_ID
POLYMERS,3,Scope_Type
POLYMERS,4,Scope_ID
POLYMERS,5,Sample_ID
POLYMERS,6,Polymer_Name
POLYMERS,7,Polymer_Abbreviation
POLYMERS,8,Value
POLYMERS,9,Unit
POLYMERS,10,N_Candidate
POLYMERS,11,N_Chemically_Analyzed
POLYMERS,12,N_Confirmed_or_Note
POLYMERS,13,Identification_Method
POLYMERS,14,Evidence_Level
POLYMERS,15,Library_Match_Threshold
POLYMERS,16,Aggregation_Level
POLYMERS,17,Notes
BIOTA_CONTEXT,1,Biota_ID
BIOTA_CONTEXT,2,Sample_ID
BIOTA_CONTEXT,3,Scientific_Name
BIOTA_CONTEXT,4,Common_Name
BIOTA_CONTEXT,5,Family
BIOTA_CONTEXT,6,N_Examined
BIOTA_CONTEXT,7,N_Positive
BIOTA_CONTEXT,8,Prevalence_pct
BIOTA_CONTEXT,9,Tissue_Group
BIOTA_CONTEXT,10,Tissue_Components
BIOTA_CONTEXT,11,Feeding_Strategy
BIOTA_CONTEXT,12,Mean_Length
BIOTA_CONTEXT,13,Length_Unit
BIOTA_CONTEXT,14,Mean_Weight
BIOTA_CONTEXT,15,Weight_Unit
BIOTA_CONTEXT,16,Capture_Gear
BIOTA_CONTEXT,17,Capture_Area_or_Notes
METHODS_PROCESSING,1,Method_ID
METHODS_PROCESSING,2,Study_ID
METHODS_PROCESSING,3,Sample_ID
METHODS_PROCESSING,4,Method_Step
METHODS_PROCESSING,5,Method_Type
METHODS_PROCESSING,6,Reagent_or_Instrument
METHODS_PROCESSING,7,Concentration_or_Density
METHODS_PROCESSING,8,Temperature_C
METHODS_PROCESSING,9,Duration
METHODS_PROCESSING,10,Filter_or_Sieve
METHODS_PROCESSING,11,Instrument_Model
METHODS_PROCESSING,12,Acceptance_Threshold
METHODS_PROCESSING,13,Reported_Value_Text
METHODS_PROCESSING,14,Notes
METHODS_QAQC,1,QAQC_ID
METHODS_QAQC,2,Study_ID
METHODS_QAQC,3,Sample_ID
METHODS_QAQC,4,Procedural_Blank
METHODS_QAQC,5,Field_Blank
METHODS_QAQC,6,Airborne_Control
METHODS_QAQC,7,Blank_N
METHODS_QAQC,8,Blank_Particles_Detected
METHODS_QAQC,9,Blank_Correction
METHODS_QAQC,10,Filtered_Reagents
METHODS_QAQC,11,Clean_Glassware
METHODS_QAQC,12,Nonplastic_Labware
METHODS_QAQC,13,Sample_Covered
METHODS_QAQC,14,Cotton_Labcoat
METHODS_QAQC,15,Recovery_Test
METHODS_QAQC,16,Chemical_Confirmation
METHODS_QAQC,17,Positive_Control
METHODS_QAQC,18,Notes
DERIVED_METRICS,1,Derived_ID
DERIVED_METRICS,2,Study_ID
DERIVED_METRICS,3,Sample_ID
DERIVED_METRICS,4,Metric_Name
DERIVED_METRICS,5,Value
DERIVED_METRICS,6,Unit
DERIVED_METRICS,7,Formula
DERIVED_METRICS,8,Input_Values
DERIVED_METRICS,9,Calculated_By
DERIVED_METRICS,10,Reported_or_IMED_Derived
DERIVED_METRICS,11,Assumptions_or_Notes
RISK_ASSESSMENTS,1,Risk_ID
RISK_ASSESSMENTS,2,Study_ID
RISK_ASSESSMENTS,3,Sample_ID
RISK_ASSESSMENTS,4,Risk_Method
RISK_ASSESSMENTS,5,Risk_Index
RISK_ASSESSMENTS,6,Risk_Category_Reported
RISK_ASSESSMENTS,7,Hazard_Score_Source
RISK_ASSESSMENTS,8,Background_Value
RISK_ASSESSMENTS,9,Background_Geography
RISK_ASSESSMENTS,10,Author_Reported
RISK_ASSESSMENTS,11,Limitations
SOURCE_DISCREPANCIES,1,Discrepancy_ID
SOURCE_DISCREPANCIES,2,Study_ID
SOURCE_DISCREPANCIES,3,Field_or_Metric
SOURCE_DISCREPANCIES,4,Value_A
SOURCE_DISCREPANCIES,5,Source_A
SOURCE_DISCREPANCIES,6,Value_B
SOURCE_DISCREPANCIES,7,Source_B
SOURCE_DISCREPANCIES,8,Discrepancy_Type
SOURCE_DISCREPANCIES,9,Resolution_Status
SOURCE_DISCREPANCIES,10,IMED_Action
SOURCE_DISCREPANCIES,11,Notes
PROVENANCE,1,Provenance_ID
PROVENANCE,2,Study_ID
PROVENANCE,3,Target_Table
PROVENANCE,4,Target_Record_ID
PROVENANCE,5,Field_Name
PROVENANCE,6,Reported_Value
PROVENANCE,7,Source_Type
PROVENANCE,8,Page_or_Section
PROVENANCE,9,Table
PROVENANCE,10,Figure
PROVENANCE,11,Supplement
PROVENANCE,12,Source_Text_Context
PROVENANCE,13,Extraction_Status
COMPARABILITY_CLASSES,1,Class_ID
COMPARABILITY_CLASSES,2,Matrix_Family
COMPARABILITY_CLASSES,3,Metric_Family
COMPARABILITY_CLASSES,4,Canonical_Unit_Family
COMPARABILITY_CLASSES,5,Required_Basis
COMPARABILITY_CLASSES,6,Minimum_Size_Metadata
COMPARABILITY_CLASSES,7,Identification_Stratum
COMPARABILITY_CLASSES,8,Directly_Comparable_When
COMPARABILITY_CLASSES,9,Never_Automatically_Compare_With
MEASUREMENT_COMPARABILITY,1,Measurement_ID
MEASUREMENT_COMPARABILITY,2,Study_ID
MEASUREMENT_COMPARABILITY,3,Sample_ID
MEASUREMENT_COMPARABILITY,4,Matrix_Code
MEASUREMENT_COMPARABILITY,5,Metric_Type
MEASUREMENT_COMPARABILITY,6,Reported_Unit
MEASUREMENT_COMPARABILITY,7,Mass_Basis
MEASUREMENT_COMPARABILITY,8,Comparability_Class
MEASUREMENT_COMPARABILITY,9,Strict_Synthesis_Eligibility
MEASUREMENT_COMPARABILITY,10,Reason
SITE_COORDINATE_CLASS,1,Site_ID
SITE_COORDINATE_CLASS,2,Study_ID
SITE_COORDINATE_CLASS,3,Site_Name
SITE_COORDINATE_CLASS,4,Latitude
SITE_COORDINATE_CLASS,5,Longitude
SITE_COORDINATE_CLASS,6,Coordinate_Source
SITE_COORDINATE_CLASS,7,Coordinate_Status
SITE_COORDINATE_CLASS,8,Location_Role
SITE_COORDINATE_CLASS,9,GEO_Class
SITE_COORDINATE_CLASS,10,Permitted_Use
DATA_DICTIONARY,1,Table
DATA_DICTIONARY,2,Field
DATA_DICTIONARY,3,Definition
DATA_DICTIONARY,4,Required
DATA_DICTIONARY,5,Allowed_or_Example
DATA_DICTIONARY,6,Pilot_Rationale
