File,Bytes,SHA256
biota_context.csv,4863,2a2889495a7dcc03df338b331824b0d5c695b3d6ef878869328347649ad26090
comparability_classes.csv,4407,0e9ecee3bd8da1a8d901d1045dfa97f8829a1850bff18d0e6e6fa2858a5037c9
data_dictionary.csv,2569,57e9a5fe1f6ce6e08102bd17907f860c657292cb6907e4b6f36306f3c21da2b7
derived_metrics.csv,15058,d3088d9c3e696b01b517e57ba0defab3d0de1963b2cfd2d7084c1758a703655e
matrix_context.csv,443,11f176df88a74d5c1c32eaecba733256007ba92d607bc1a89a7f3ade4304dee6
measurement_comparability.csv,21700,83475f545bb39e15de69e76121124a004b80de6d3fa204a4f62e1ad5bd451ff7
measurements.csv,64466,8fcf6a30a791fcf60617020243cb8c1599103fa45a5f272bc533f3aa18b8ce34
methods_processing.csv,33470,e884f722ce9ee93a1faeba33ca9ef9a3524cc97934958ceb8d13c02bb77f96ed
methods_qaqc.csv,25068,cd82b783a11d6f5e829a562ab7257e158fe41115da5bfbaaf5681cf0d663627f
particle_characteristics.csv,29710,d63b2972c8de0d74dcfdda5ff21f27f3cbae859acc39ed3b36527bebb22be8e0
polymers.csv,50056,2e99d136090173ef86211cf59d64c43751d4bc660e4e89f6b2c47f9a93741ebb
provenance.csv,60888,d0904351f79c323376400fc34594a55838091d210d3e1165f25779d89f7cc492
risk_assessments.csv,1236,f8b950ac38b21055ede196e2d024bb703f51f4da7b856e20d1563cdee9b2bc8b
samples.csv,62719,96282777b3445dd669243fc9015ff920af31231018a7e96ce98f95a1c7aa1525
site_coordinate_class.csv,18646,cf16d6f18f75fadd73f269f3920308cae43b46e19c2de12a27a2ad3805d766f3
sites.csv,52759,667c899560ee65008070e72a69537bb83c7c34c4c9f098e64114d001bcf7d902
size_methods.csv,18261,e58396b9a8d62f7c55fd8d55af1ebc47b891608eba4d5cb314c979099636c3a7
source_discrepancies.csv,3813,98307638eb68a1a9e6e9207cc9202c2e2186cb3354616951252533dfa2371f41
studies.csv,68956,9c21ca6f769ad6f2e5809f51834c9f6b5a0ca756c913a29b2aee2fa6d8dfaa53
